spend_id;spend_date;campaign_id;campaign_name;channel;impressions;clicks;spend_rub
1;2024-01-01;YA_BRAND;Yandex Brand;Yandex Ads;2639;140;3576
2;2024-01-01;YA_GENERIC;Yandex Generic;Yandex Ads;4954;215;6565
3;2024-01-01;VK_RETARGET;VK Retargeting;VK Ads;13507;133;2610
4;2024-01-01;TG_LOCAL;Telegram Chelyabinsk;Telegram;5559;96;1607
5;2024-01-02;YA_BRAND;Yandex Brand;Yandex Ads;2528;141;3463
6;2024-01-02;YA_GENERIC;Yandex Generic;Yandex Ads;5046;206;6408
7;2024-01-02;VK_RETARGET;VK Retargeting;VK Ads;16587;158;2816
8;2024-01-02;TG_LOCAL;Telegram Chelyabinsk;Telegram;4800;87;1559
9;2024-01-03;YA_BRAND;Yandex Brand;Yandex Ads;2213;128;2994
10;2024-01-03;YA_GENERIC;Yandex Generic;Yandex Ads;4570;187;6211
11;2024-01-03;VK_RETARGET;VK Retargeting;VK Ads;12333;127;2329
12;2024-01-03;TG_LOCAL;Telegram Chelyabinsk;Telegram;5248;95;1633
13;2024-01-04;YA_BRAND;Yandex Brand;Yandex Ads;2490;140;3291
14;2024-01-04;YA_GENERIC;Yandex Generic;Yandex Ads;3907;163;5413
15;2024-01-04;VK_RETARGET;VK Retargeting;VK Ads;14821;147;2750
16;2024-01-04;TG_LOCAL;Telegram Chelyabinsk;Telegram;4874;87;1387
17;2024-01-05;YA_BRAND;Yandex Brand;Yandex Ads;2333;127;2950
18;2024-01-05;YA_GENERIC;Yandex Generic;Yandex Ads;4537;197;6130
19;2024-01-05;VK_RETARGET;VK Retargeting;VK Ads;12381;122;2317
20;2024-01-05;TG_LOCAL;Telegram Chelyabinsk;Telegram;4553;81;1356
21;2024-01-06;YA_BRAND;Yandex Brand;Yandex Ads;2410;131;3098
22;2024-01-06;YA_GENERIC;Yandex Generic;Yandex Ads;3588;152;4607
23;2024-01-06;VK_RETARGET;VK Retargeting;VK Ads;11162;116;2144
24;2024-01-06;TG_LOCAL;Telegram Chelyabinsk;Telegram;4322;79;1342
25;2024-01-07;YA_BRAND;Yandex Brand;Yandex Ads;2239;121;3095
26;2024-01-07;YA_GENERIC;Yandex Generic;Yandex Ads;3912;159;4812
27;2024-01-07;VK_RETARGET;VK Retargeting;VK Ads;11409;120;2267
28;2024-01-07;TG_LOCAL;Telegram Chelyabinsk;Telegram;4327;80;1395
29;2024-01-08;YA_BRAND;Yandex Brand;Yandex Ads;2768;152;3528
30;2024-01-08;YA_GENERIC;Yandex Generic;Yandex Ads;4048;171;5498
31;2024-01-08;VK_RETARGET;VK Retargeting;VK Ads;13466;129;2345
32;2024-01-08;TG_LOCAL;Telegram Chelyabinsk;Telegram;4559;82;1492
33;2024-01-09;YA_BRAND;Yandex Brand;Yandex Ads;2504;137;3172
34;2024-01-09;YA_GENERIC;Yandex Generic;Yandex Ads;4065;172;5626
35;2024-01-09;VK_RETARGET;VK Retargeting;VK Ads;14140;137;2514
36;2024-01-09;TG_LOCAL;Telegram Chelyabinsk;Telegram;5015;91;1468
37;2024-01-10;YA_BRAND;Yandex Brand;Yandex Ads;2874;155;3524
38;2024-01-10;YA_GENERIC;Yandex Generic;Yandex Ads;4553;196;6178
39;2024-01-10;VK_RETARGET;VK Retargeting;VK Ads;13941;137;2553
40;2024-01-10;TG_LOCAL;Telegram Chelyabinsk;Telegram;4417;76;1354
41;2024-01-11;YA_BRAND;Yandex Brand;Yandex Ads;2624;151;3426
42;2024-01-11;YA_GENERIC;Yandex Generic;Yandex Ads;4111;181;5440
43;2024-01-11;VK_RETARGET;VK Retargeting;VK Ads;15530;148;2767
44;2024-01-11;TG_LOCAL;Telegram Chelyabinsk;Telegram;4543;79;1411
45;2024-01-12;YA_BRAND;Yandex Brand;Yandex Ads;2645;140;3167
46;2024-01-12;YA_GENERIC;Yandex Generic;Yandex Ads;4702;202;6045
47;2024-01-12;VK_RETARGET;VK Retargeting;VK Ads;12674;128;2405
48;2024-01-12;TG_LOCAL;Telegram Chelyabinsk;Telegram;4310;79;1386
49;2024-01-13;YA_BRAND;Yandex Brand;Yandex Ads;2063;110;2571
50;2024-01-13;YA_GENERIC;Yandex Generic;Yandex Ads;3898;158;4944
51;2024-01-13;VK_RETARGET;VK Retargeting;VK Ads;10680;111;2169
52;2024-01-13;TG_LOCAL;Telegram Chelyabinsk;Telegram;3923;69;1160
53;2024-01-14;YA_BRAND;Yandex Brand;Yandex Ads;2300;122;2796
54;2024-01-14;YA_GENERIC;Yandex Generic;Yandex Ads;3456;147;4756
55;2024-01-14;VK_RETARGET;VK Retargeting;VK Ads;11740;121;2479
56;2024-01-14;TG_LOCAL;Telegram Chelyabinsk;Telegram;4128;75;1214
57;2024-01-15;YA_BRAND;Yandex Brand;Yandex Ads;2117;122;2911
58;2024-01-15;YA_GENERIC;Yandex Generic;Yandex Ads;4264;187;6163
59;2024-01-15;VK_RETARGET;VK Retargeting;VK Ads;14442;145;2667
60;2024-01-15;TG_LOCAL;Telegram Chelyabinsk;Telegram;4783;88;1504
61;2024-01-16;YA_BRAND;Yandex Brand;Yandex Ads;2440;139;3463
62;2024-01-16;YA_GENERIC;Yandex Generic;Yandex Ads;5170;208;6455
63;2024-01-16;VK_RETARGET;VK Retargeting;VK Ads;13100;134;2550
64;2024-01-16;TG_LOCAL;Telegram Chelyabinsk;Telegram;4630;83;1479
65;2024-01-17;YA_BRAND;Yandex Brand;Yandex Ads;2429;132;3386
66;2024-01-17;YA_GENERIC;Yandex Generic;Yandex Ads;5169;218;6542
67;2024-01-17;VK_RETARGET;VK Retargeting;VK Ads;12631;128;2349
68;2024-01-17;TG_LOCAL;Telegram Chelyabinsk;Telegram;3927;72;1302
69;2024-01-18;YA_BRAND;Yandex Brand;Yandex Ads;2264;127;3211
70;2024-01-18;YA_GENERIC;Yandex Generic;Yandex Ads;5301;222;6528
71;2024-01-18;VK_RETARGET;VK Retargeting;VK Ads;14767;153;2803
72;2024-01-18;TG_LOCAL;Telegram Chelyabinsk;Telegram;4171;79;1436
73;2024-01-19;YA_BRAND;Yandex Brand;Yandex Ads;2555;141;3294
74;2024-01-19;YA_GENERIC;Yandex Generic;Yandex Ads;4539;190;6025
75;2024-01-19;VK_RETARGET;VK Retargeting;VK Ads;15119;145;2679
76;2024-01-19;TG_LOCAL;Telegram Chelyabinsk;Telegram;5614;97;1599
77;2024-01-20;YA_BRAND;Yandex Brand;Yandex Ads;2204;121;2835
78;2024-01-20;YA_GENERIC;Yandex Generic;Yandex Ads;4126;172;5436
79;2024-01-20;VK_RETARGET;VK Retargeting;VK Ads;11788;118;2227
80;2024-01-20;TG_LOCAL;Telegram Chelyabinsk;Telegram;3725;69;1265
81;2024-01-21;YA_BRAND;Yandex Brand;Yandex Ads;2031;116;2921
82;2024-01-21;YA_GENERIC;Yandex Generic;Yandex Ads;4400;182;5795
83;2024-01-21;VK_RETARGET;VK Retargeting;VK Ads;11389;109;2142
84;2024-01-21;TG_LOCAL;Telegram Chelyabinsk;Telegram;4960;86;1410
85;2024-01-22;YA_BRAND;Yandex Brand;Yandex Ads;2033;111;2831
86;2024-01-22;YA_GENERIC;Yandex Generic;Yandex Ads;3890;168;5503
87;2024-01-22;VK_RETARGET;VK Retargeting;VK Ads;12660;129;2573
88;2024-01-22;TG_LOCAL;Telegram Chelyabinsk;Telegram;4808;83;1319
89;2024-01-23;YA_BRAND;Yandex Brand;Yandex Ads;2549;139;3565
90;2024-01-23;YA_GENERIC;Yandex Generic;Yandex Ads;4275;173;5196
91;2024-01-23;VK_RETARGET;VK Retargeting;VK Ads;15907;152;2758
92;2024-01-23;TG_LOCAL;Telegram Chelyabinsk;Telegram;4794;87;1528
93;2024-01-24;YA_BRAND;Yandex Brand;Yandex Ads;2710;144;3404
94;2024-01-24;YA_GENERIC;Yandex Generic;Yandex Ads;5102;213;6483
95;2024-01-24;VK_RETARGET;VK Retargeting;VK Ads;12676;131;2593
96;2024-01-24;TG_LOCAL;Telegram Chelyabinsk;Telegram;4912;93;1528
97;2024-01-25;YA_BRAND;Yandex Brand;Yandex Ads;2068;119;2830
98;2024-01-25;YA_GENERIC;Yandex Generic;Yandex Ads;5050;214;6324
99;2024-01-25;VK_RETARGET;VK Retargeting;VK Ads;14920;151;2789
100;2024-01-25;TG_LOCAL;Telegram Chelyabinsk;Telegram;5294;97;1643
101;2024-01-26;YA_BRAND;Yandex Brand;Yandex Ads;2638;140;3295
102;2024-01-26;YA_GENERIC;Yandex Generic;Yandex Ads;4677;203;6543
103;2024-01-26;VK_RETARGET;VK Retargeting;VK Ads;12175;126;2427
104;2024-01-26;TG_LOCAL;Telegram Chelyabinsk;Telegram;5103;88;1472
105;2024-01-27;YA_BRAND;Yandex Brand;Yandex Ads;2319;122;3078
106;2024-01-27;YA_GENERIC;Yandex Generic;Yandex Ads;3614;147;4732
107;2024-01-27;VK_RETARGET;VK Retargeting;VK Ads;11022;105;1992
108;2024-01-27;TG_LOCAL;Telegram Chelyabinsk;Telegram;4313;78;1315
109;2024-01-28;YA_BRAND;Yandex Brand;Yandex Ads;2044;109;2496
110;2024-01-28;YA_GENERIC;Yandex Generic;Yandex Ads;3555;157;5080
111;2024-01-28;VK_RETARGET;VK Retargeting;VK Ads;10813;111;2166
112;2024-01-28;TG_LOCAL;Telegram Chelyabinsk;Telegram;4413;76;1289
113;2024-01-29;YA_BRAND;Yandex Brand;Yandex Ads;2562;144;3358
114;2024-01-29;YA_GENERIC;Yandex Generic;Yandex Ads;4931;210;6129
115;2024-01-29;VK_RETARGET;VK Retargeting;VK Ads;12587;131;2450
116;2024-01-29;TG_LOCAL;Telegram Chelyabinsk;Telegram;5093;88;1597
117;2024-01-30;YA_BRAND;Yandex Brand;Yandex Ads;2715;143;3343
118;2024-01-30;YA_GENERIC;Yandex Generic;Yandex Ads;4456;192;6256
119;2024-01-30;VK_RETARGET;VK Retargeting;VK Ads;14872;143;2652
120;2024-01-30;TG_LOCAL;Telegram Chelyabinsk;Telegram;5098;90;1521
121;2024-01-31;YA_BRAND;Yandex Brand;Yandex Ads;2488;141;3540
122;2024-01-31;YA_GENERIC;Yandex Generic;Yandex Ads;4845;203;6011
123;2024-01-31;VK_RETARGET;VK Retargeting;VK Ads;12626;132;2694
124;2024-01-31;TG_LOCAL;Telegram Chelyabinsk;Telegram;5278;96;1551
125;2024-02-01;YA_BRAND;Yandex Brand;Yandex Ads;2929;155;3496
126;2024-02-01;YA_GENERIC;Yandex Generic;Yandex Ads;4036;178;5704
127;2024-02-01;VK_RETARGET;VK Retargeting;VK Ads;15297;150;3051
128;2024-02-01;TG_LOCAL;Telegram Chelyabinsk;Telegram;5231;96;1542
129;2024-02-02;YA_BRAND;Yandex Brand;Yandex Ads;2894;152;3528
130;2024-02-02;YA_GENERIC;Yandex Generic;Yandex Ads;5073;212;6423
131;2024-02-02;VK_RETARGET;VK Retargeting;VK Ads;13559;131;2545
132;2024-02-02;TG_LOCAL;Telegram Chelyabinsk;Telegram;5713;99;1726
133;2024-02-03;YA_BRAND;Yandex Brand;Yandex Ads;2554;136;3354
134;2024-02-03;YA_GENERIC;Yandex Generic;Yandex Ads;4047;166;4923
135;2024-02-03;VK_RETARGET;VK Retargeting;VK Ads;13990;144;2595
136;2024-02-03;TG_LOCAL;Telegram Chelyabinsk;Telegram;4642;84;1429
137;2024-02-04;YA_BRAND;Yandex Brand;Yandex Ads;2224;122;2965
138;2024-02-04;YA_GENERIC;Yandex Generic;Yandex Ads;4243;185;5517
139;2024-02-04;VK_RETARGET;VK Retargeting;VK Ads;14149;140;2664
140;2024-02-04;TG_LOCAL;Telegram Chelyabinsk;Telegram;4745;82;1393
141;2024-02-05;YA_BRAND;Yandex Brand;Yandex Ads;2454;133;3366
142;2024-02-05;YA_GENERIC;Yandex Generic;Yandex Ads;4730;192;5752
143;2024-02-05;VK_RETARGET;VK Retargeting;VK Ads;16830;161;2894
144;2024-02-05;TG_LOCAL;Telegram Chelyabinsk;Telegram;5766;100;1765
145;2024-02-06;YA_BRAND;Yandex Brand;Yandex Ads;2562;143;3216
146;2024-02-06;YA_GENERIC;Yandex Generic;Yandex Ads;5131;210;6613
147;2024-02-06;VK_RETARGET;VK Retargeting;VK Ads;17242;167;2975
148;2024-02-06;TG_LOCAL;Telegram Chelyabinsk;Telegram;4953;92;1508
149;2024-02-07;YA_BRAND;Yandex Brand;Yandex Ads;2263;130;3135
150;2024-02-07;YA_GENERIC;Yandex Generic;Yandex Ads;4719;205;6271
151;2024-02-07;VK_RETARGET;VK Retargeting;VK Ads;15234;154;2804
152;2024-02-07;TG_LOCAL;Telegram Chelyabinsk;Telegram;5548;102;1656
153;2024-02-08;YA_BRAND;Yandex Brand;Yandex Ads;2462;132;3115
154;2024-02-08;YA_GENERIC;Yandex Generic;Yandex Ads;5113;217;6764
155;2024-02-08;VK_RETARGET;VK Retargeting;VK Ads;15260;153;2894
156;2024-02-08;TG_LOCAL;Telegram Chelyabinsk;Telegram;4543;86;1436
157;2024-02-09;YA_BRAND;Yandex Brand;Yandex Ads;2979;157;3662
158;2024-02-09;YA_GENERIC;Yandex Generic;Yandex Ads;5260;231;7037
159;2024-02-09;VK_RETARGET;VK Retargeting;VK Ads;15891;152;3004
160;2024-02-09;TG_LOCAL;Telegram Chelyabinsk;Telegram;5259;95;1715
161;2024-02-10;YA_BRAND;Yandex Brand;Yandex Ads;2328;124;2997
162;2024-02-10;YA_GENERIC;Yandex Generic;Yandex Ads;4706;203;6075
163;2024-02-10;VK_RETARGET;VK Retargeting;VK Ads;12172;117;2297
164;2024-02-10;TG_LOCAL;Telegram Chelyabinsk;Telegram;4325;81;1476
165;2024-02-11;YA_BRAND;Yandex Brand;Yandex Ads;2433;130;3254
166;2024-02-11;YA_GENERIC;Yandex Generic;Yandex Ads;4667;195;5706
167;2024-02-11;VK_RETARGET;VK Retargeting;VK Ads;11698;122;2307
168;2024-02-11;TG_LOCAL;Telegram Chelyabinsk;Telegram;4295;78;1415
169;2024-02-12;YA_BRAND;Yandex Brand;Yandex Ads;2325;131;3382
170;2024-02-12;YA_GENERIC;Yandex Generic;Yandex Ads;5062;217;6715
171;2024-02-12;VK_RETARGET;VK Retargeting;VK Ads;15733;161;2880
172;2024-02-12;TG_LOCAL;Telegram Chelyabinsk;Telegram;5128;91;1517
173;2024-02-13;YA_BRAND;Yandex Brand;Yandex Ads;2775;156;3743
174;2024-02-13;YA_GENERIC;Yandex Generic;Yandex Ads;4542;186;5995
175;2024-02-13;VK_RETARGET;VK Retargeting;VK Ads;14255;143;2768
176;2024-02-13;TG_LOCAL;Telegram Chelyabinsk;Telegram;5515;95;1647
177;2024-02-14;YA_BRAND;Yandex Brand;Yandex Ads;2536;146;3339
178;2024-02-14;YA_GENERIC;Yandex Generic;Yandex Ads;5368;227;6817
179;2024-02-14;VK_RETARGET;VK Retargeting;VK Ads;16317;157;2958
180;2024-02-14;TG_LOCAL;Telegram Chelyabinsk;Telegram;5128;93;1647
181;2024-02-15;YA_BRAND;Yandex Brand;Yandex Ads;2667;151;3513
182;2024-02-15;YA_GENERIC;Yandex Generic;Yandex Ads;4229;183;5950
183;2024-02-15;VK_RETARGET;VK Retargeting;VK Ads;13005;132;2541
184;2024-02-15;TG_LOCAL;Telegram Chelyabinsk;Telegram;5006;94;1553
185;2024-02-16;YA_BRAND;Yandex Brand;Yandex Ads;2554;142;3238
186;2024-02-16;YA_GENERIC;Yandex Generic;Yandex Ads;4819;199;6166
187;2024-02-16;VK_RETARGET;VK Retargeting;VK Ads;16034;160;3020
188;2024-02-16;TG_LOCAL;Telegram Chelyabinsk;Telegram;5848;109;1772
189;2024-02-17;YA_BRAND;Yandex Brand;Yandex Ads;2487;143;3251
190;2024-02-17;YA_GENERIC;Yandex Generic;Yandex Ads;4643;198;5967
191;2024-02-17;VK_RETARGET;VK Retargeting;VK Ads;11582;113;2123
192;2024-02-17;TG_LOCAL;Telegram Chelyabinsk;Telegram;4314;80;1298
193;2024-02-18;YA_BRAND;Yandex Brand;Yandex Ads;2478;141;3334
194;2024-02-18;YA_GENERIC;Yandex Generic;Yandex Ads;4059;173;5343
195;2024-02-18;VK_RETARGET;VK Retargeting;VK Ads;10959;105;2127
196;2024-02-18;TG_LOCAL;Telegram Chelyabinsk;Telegram;4280;76;1310
197;2024-02-19;YA_BRAND;Yandex Brand;Yandex Ads;2622;140;3151
198;2024-02-19;YA_GENERIC;Yandex Generic;Yandex Ads;5576;233;7022
199;2024-02-19;VK_RETARGET;VK Retargeting;VK Ads;15360;156;2783
200;2024-02-19;TG_LOCAL;Telegram Chelyabinsk;Telegram;5603;102;1643
201;2024-02-20;YA_BRAND;Yandex Brand;Yandex Ads;2278;130;3274
202;2024-02-20;YA_GENERIC;Yandex Generic;Yandex Ads;4690;200;6026
203;2024-02-20;VK_RETARGET;VK Retargeting;VK Ads;14126;139;2566
204;2024-02-20;TG_LOCAL;Telegram Chelyabinsk;Telegram;5059;89;1528
205;2024-02-21;YA_BRAND;Yandex Brand;Yandex Ads;2601;140;3541
206;2024-02-21;YA_GENERIC;Yandex Generic;Yandex Ads;4907;216;6654
207;2024-02-21;VK_RETARGET;VK Retargeting;VK Ads;15187;150;2987
208;2024-02-21;TG_LOCAL;Telegram Chelyabinsk;Telegram;4856;85;1431
209;2024-02-22;YA_BRAND;Yandex Brand;Yandex Ads;2909;166;3762
210;2024-02-22;YA_GENERIC;Yandex Generic;Yandex Ads;5381;225;7071
211;2024-02-22;VK_RETARGET;VK Retargeting;VK Ads;13391;136;2635
212;2024-02-22;TG_LOCAL;Telegram Chelyabinsk;Telegram;5674;103;1647
213;2024-02-23;YA_BRAND;Yandex Brand;Yandex Ads;2095;121;3083
214;2024-02-23;YA_GENERIC;Yandex Generic;Yandex Ads;4696;203;5965
215;2024-02-23;VK_RETARGET;VK Retargeting;VK Ads;13791;132;2572
216;2024-02-23;TG_LOCAL;Telegram Chelyabinsk;Telegram;5004;93;1577
217;2024-02-24;YA_BRAND;Yandex Brand;Yandex Ads;2623;138;3134
218;2024-02-24;YA_GENERIC;Yandex Generic;Yandex Ads;3964;173;5700
219;2024-02-24;VK_RETARGET;VK Retargeting;VK Ads;13046;128;2471
220;2024-02-24;TG_LOCAL;Telegram Chelyabinsk;Telegram;4927;92;1503
221;2024-02-25;YA_BRAND;Yandex Brand;Yandex Ads;2352;129;2997
222;2024-02-25;YA_GENERIC;Yandex Generic;Yandex Ads;4213;182;5764
223;2024-02-25;VK_RETARGET;VK Retargeting;VK Ads;11602;117;2388
224;2024-02-25;TG_LOCAL;Telegram Chelyabinsk;Telegram;4117;73;1272
225;2024-02-26;YA_BRAND;Yandex Brand;Yandex Ads;2964;162;3758
226;2024-02-26;YA_GENERIC;Yandex Generic;Yandex Ads;5032;210;6276
227;2024-02-26;VK_RETARGET;VK Retargeting;VK Ads;15976;161;2979
228;2024-02-26;TG_LOCAL;Telegram Chelyabinsk;Telegram;5418;95;1535
229;2024-02-27;YA_BRAND;Yandex Brand;Yandex Ads;2893;160;3771
230;2024-02-27;YA_GENERIC;Yandex Generic;Yandex Ads;5194;224;6852
231;2024-02-27;VK_RETARGET;VK Retargeting;VK Ads;13675;142;2649
232;2024-02-27;TG_LOCAL;Telegram Chelyabinsk;Telegram;5692;102;1731
233;2024-02-28;YA_BRAND;Yandex Brand;Yandex Ads;2406;129;3152
234;2024-02-28;YA_GENERIC;Yandex Generic;Yandex Ads;5146;206;6714
235;2024-02-28;VK_RETARGET;VK Retargeting;VK Ads;14314;143;2909
236;2024-02-28;TG_LOCAL;Telegram Chelyabinsk;Telegram;5436;94;1596
237;2024-02-29;YA_BRAND;Yandex Brand;Yandex Ads;2332;129;3079
238;2024-02-29;YA_GENERIC;Yandex Generic;Yandex Ads;5216;224;6558
239;2024-02-29;VK_RETARGET;VK Retargeting;VK Ads;14010;147;2912
240;2024-02-29;TG_LOCAL;Telegram Chelyabinsk;Telegram;5581;100;1627
241;2024-03-01;YA_BRAND;Yandex Brand;Yandex Ads;3218;173;3931
242;2024-03-01;YA_GENERIC;Yandex Generic;Yandex Ads;4626;192;6372
243;2024-03-01;VK_RETARGET;VK Retargeting;VK Ads;14936;155;2991
244;2024-03-01;TG_LOCAL;Telegram Chelyabinsk;Telegram;4814;88;1580
245;2024-03-02;YA_BRAND;Yandex Brand;Yandex Ads;2535;145;3623
246;2024-03-02;YA_GENERIC;Yandex Generic;Yandex Ads;5106;217;6557
247;2024-03-02;VK_RETARGET;VK Retargeting;VK Ads;11977;116;2321
248;2024-03-02;TG_LOCAL;Telegram Chelyabinsk;Telegram;4974;90;1470
249;2024-03-03;YA_BRAND;Yandex Brand;Yandex Ads;2429;135;3168
250;2024-03-03;YA_GENERIC;Yandex Generic;Yandex Ads;4350;180;5850
251;2024-03-03;VK_RETARGET;VK Retargeting;VK Ads;14347;139;2659
252;2024-03-03;TG_LOCAL;Telegram Chelyabinsk;Telegram;4374;80;1414
253;2024-03-04;YA_BRAND;Yandex Brand;Yandex Ads;2919;154;3520
254;2024-03-04;YA_GENERIC;Yandex Generic;Yandex Ads;5308;223;6968
255;2024-03-04;VK_RETARGET;VK Retargeting;VK Ads;16816;169;3090
256;2024-03-04;TG_LOCAL;Telegram Chelyabinsk;Telegram;5491;98;1562
257;2024-03-05;YA_BRAND;Yandex Brand;Yandex Ads;3037;175;4125
258;2024-03-05;YA_GENERIC;Yandex Generic;Yandex Ads;5369;222;6747
259;2024-03-05;VK_RETARGET;VK Retargeting;VK Ads;14574;142;2643
260;2024-03-05;TG_LOCAL;Telegram Chelyabinsk;Telegram;5046;88;1594
261;2024-03-06;YA_BRAND;Yandex Brand;Yandex Ads;2668;152;3867
262;2024-03-06;YA_GENERIC;Yandex Generic;Yandex Ads;5265;230;7558
263;2024-03-06;VK_RETARGET;VK Retargeting;VK Ads;13815;141;2654
264;2024-03-06;TG_LOCAL;Telegram Chelyabinsk;Telegram;5915;105;1679
265;2024-03-07;YA_BRAND;Yandex Brand;Yandex Ads;2959;167;3835
266;2024-03-07;YA_GENERIC;Yandex Generic;Yandex Ads;4533;198;6039
267;2024-03-07;VK_RETARGET;VK Retargeting;VK Ads;15465;150;2945
268;2024-03-07;TG_LOCAL;Telegram Chelyabinsk;Telegram;6068;113;1818
269;2024-03-08;YA_BRAND;Yandex Brand;Yandex Ads;2919;158;3813
270;2024-03-08;YA_GENERIC;Yandex Generic;Yandex Ads;4723;203;6427
271;2024-03-08;VK_RETARGET;VK Retargeting;VK Ads;14276;141;2595
272;2024-03-08;TG_LOCAL;Telegram Chelyabinsk;Telegram;6501;115;1865
273;2024-03-09;YA_BRAND;Yandex Brand;Yandex Ads;2135;117;3013
274;2024-03-09;YA_GENERIC;Yandex Generic;Yandex Ads;5357;219;6379
275;2024-03-09;VK_RETARGET;VK Retargeting;VK Ads;13533;129;2395
276;2024-03-09;TG_LOCAL;Telegram Chelyabinsk;Telegram;5109;90;1432
277;2024-03-10;YA_BRAND;Yandex Brand;Yandex Ads;2312;126;2882
278;2024-03-10;YA_GENERIC;Yandex Generic;Yandex Ads;4438;195;6390
279;2024-03-10;VK_RETARGET;VK Retargeting;VK Ads;13791;144;2714
280;2024-03-10;TG_LOCAL;Telegram Chelyabinsk;Telegram;4713;89;1480
281;2024-03-11;YA_BRAND;Yandex Brand;Yandex Ads;2651;140;3499
282;2024-03-11;YA_GENERIC;Yandex Generic;Yandex Ads;5237;213;6977
283;2024-03-11;VK_RETARGET;VK Retargeting;VK Ads;17540;175;3178
284;2024-03-11;TG_LOCAL;Telegram Chelyabinsk;Telegram;5262;98;1624
285;2024-03-12;YA_BRAND;Yandex Brand;Yandex Ads;2997;170;3883
286;2024-03-12;YA_GENERIC;Yandex Generic;Yandex Ads;5996;241;7206
287;2024-03-12;VK_RETARGET;VK Retargeting;VK Ads;16453;166;3173
288;2024-03-12;TG_LOCAL;Telegram Chelyabinsk;Telegram;6166;112;1907
289;2024-03-13;YA_BRAND;Yandex Brand;Yandex Ads;2735;146;3307
290;2024-03-13;YA_GENERIC;Yandex Generic;Yandex Ads;5112;223;7422
291;2024-03-13;VK_RETARGET;VK Retargeting;VK Ads;16035;168;3235
292;2024-03-13;TG_LOCAL;Telegram Chelyabinsk;Telegram;5831;108;1873
293;2024-03-14;YA_BRAND;Yandex Brand;Yandex Ads;2940;161;3684
294;2024-03-14;YA_GENERIC;Yandex Generic;Yandex Ads;5494;223;7007
295;2024-03-14;VK_RETARGET;VK Retargeting;VK Ads;13977;135;2625
296;2024-03-14;TG_LOCAL;Telegram Chelyabinsk;Telegram;4976;94;1592
297;2024-03-15;YA_BRAND;Yandex Brand;Yandex Ads;2801;156;3586
298;2024-03-15;YA_GENERIC;Yandex Generic;Yandex Ads;5424;225;6961
299;2024-03-15;VK_RETARGET;VK Retargeting;VK Ads;14558;140;2697
300;2024-03-15;TG_LOCAL;Telegram Chelyabinsk;Telegram;5952;106;1833
301;2024-03-16;YA_BRAND;Yandex Brand;Yandex Ads;2391;137;3105
302;2024-03-16;YA_GENERIC;Yandex Generic;Yandex Ads;4941;200;6112
303;2024-03-16;VK_RETARGET;VK Retargeting;VK Ads;12654;125;2549
304;2024-03-16;TG_LOCAL;Telegram Chelyabinsk;Telegram;5278;99;1587
305;2024-03-17;YA_BRAND;Yandex Brand;Yandex Ads;2743;148;3585
306;2024-03-17;YA_GENERIC;Yandex Generic;Yandex Ads;4251;173;5568
307;2024-03-17;VK_RETARGET;VK Retargeting;VK Ads;11850;123;2451
308;2024-03-17;TG_LOCAL;Telegram Chelyabinsk;Telegram;5351;95;1630
309;2024-03-18;YA_BRAND;Yandex Brand;Yandex Ads;2862;160;4071
310;2024-03-18;YA_GENERIC;Yandex Generic;Yandex Ads;6346;264;7654
311;2024-03-18;VK_RETARGET;VK Retargeting;VK Ads;16036;157;3163
312;2024-03-18;TG_LOCAL;Telegram Chelyabinsk;Telegram;4687;86;1553
313;2024-03-19;YA_BRAND;Yandex Brand;Yandex Ads;3072;167;4047
314;2024-03-19;YA_GENERIC;Yandex Generic;Yandex Ads;4946;211;6376
315;2024-03-19;VK_RETARGET;VK Retargeting;VK Ads;15012;146;2884
316;2024-03-19;TG_LOCAL;Telegram Chelyabinsk;Telegram;6059;106;1840
317;2024-03-20;YA_BRAND;Yandex Brand;Yandex Ads;2880;152;3882
318;2024-03-20;YA_GENERIC;Yandex Generic;Yandex Ads;5615;238;7494
319;2024-03-20;VK_RETARGET;VK Retargeting;VK Ads;15463;158;2850
320;2024-03-20;TG_LOCAL;Telegram Chelyabinsk;Telegram;5519;100;1761
321;2024-03-21;YA_BRAND;Yandex Brand;Yandex Ads;2613;141;3394
322;2024-03-21;YA_GENERIC;Yandex Generic;Yandex Ads;4846;210;6718
323;2024-03-21;VK_RETARGET;VK Retargeting;VK Ads;14847;153;2846
324;2024-03-21;TG_LOCAL;Telegram Chelyabinsk;Telegram;5346;100;1804
325;2024-03-22;YA_BRAND;Yandex Brand;Yandex Ads;2589;141;3368
326;2024-03-22;YA_GENERIC;Yandex Generic;Yandex Ads;5086;207;6577
327;2024-03-22;VK_RETARGET;VK Retargeting;VK Ads;16507;164;3117
328;2024-03-22;TG_LOCAL;Telegram Chelyabinsk;Telegram;6724;116;1853
329;2024-03-23;YA_BRAND;Yandex Brand;Yandex Ads;2633;150;3619
330;2024-03-23;YA_GENERIC;Yandex Generic;Yandex Ads;4336;176;5507
331;2024-03-23;VK_RETARGET;VK Retargeting;VK Ads;12762;131;2373
332;2024-03-23;TG_LOCAL;Telegram Chelyabinsk;Telegram;4650;81;1342
333;2024-03-24;YA_BRAND;Yandex Brand;Yandex Ads;1968;111;2872
334;2024-03-24;YA_GENERIC;Yandex Generic;Yandex Ads;4373;180;5834
335;2024-03-24;VK_RETARGET;VK Retargeting;VK Ads;13821;139;2585
336;2024-03-24;TG_LOCAL;Telegram Chelyabinsk;Telegram;5798;101;1639
337;2024-03-25;YA_BRAND;Yandex Brand;Yandex Ads;2677;143;3387
338;2024-03-25;YA_GENERIC;Yandex Generic;Yandex Ads;5859;250;7606
339;2024-03-25;VK_RETARGET;VK Retargeting;VK Ads;15778;158;3073
340;2024-03-25;TG_LOCAL;Telegram Chelyabinsk;Telegram;5094;90;1594
341;2024-03-26;YA_BRAND;Yandex Brand;Yandex Ads;3241;172;4141
342;2024-03-26;YA_GENERIC;Yandex Generic;Yandex Ads;5334;221;6434
343;2024-03-26;VK_RETARGET;VK Retargeting;VK Ads;16151;156;2994
344;2024-03-26;TG_LOCAL;Telegram Chelyabinsk;Telegram;5966;105;1807
345;2024-03-27;YA_BRAND;Yandex Brand;Yandex Ads;2681;143;3370
346;2024-03-27;YA_GENERIC;Yandex Generic;Yandex Ads;5006;214;6396
347;2024-03-27;VK_RETARGET;VK Retargeting;VK Ads;13411;140;2778
348;2024-03-27;TG_LOCAL;Telegram Chelyabinsk;Telegram;5280;97;1591
349;2024-03-28;YA_BRAND;Yandex Brand;Yandex Ads;2990;173;4015
350;2024-03-28;YA_GENERIC;Yandex Generic;Yandex Ads;5301;219;6469
351;2024-03-28;VK_RETARGET;VK Retargeting;VK Ads;14865;145;2669
352;2024-03-28;TG_LOCAL;Telegram Chelyabinsk;Telegram;5603;105;1862
353;2024-03-29;YA_BRAND;Yandex Brand;Yandex Ads;2766;152;3720
354;2024-03-29;YA_GENERIC;Yandex Generic;Yandex Ads;5427;219;7181
355;2024-03-29;VK_RETARGET;VK Retargeting;VK Ads;15163;147;2757
356;2024-03-29;TG_LOCAL;Telegram Chelyabinsk;Telegram;4746;87;1576
357;2024-03-30;YA_BRAND;Yandex Brand;Yandex Ads;2215;124;3188
358;2024-03-30;YA_GENERIC;Yandex Generic;Yandex Ads;4829;202;6514
359;2024-03-30;VK_RETARGET;VK Retargeting;VK Ads;12727;125;2533
360;2024-03-30;TG_LOCAL;Telegram Chelyabinsk;Telegram;5131;96;1657
361;2024-03-31;YA_BRAND;Yandex Brand;Yandex Ads;2466;142;3300
362;2024-03-31;YA_GENERIC;Yandex Generic;Yandex Ads;4143;180;5760
363;2024-03-31;VK_RETARGET;VK Retargeting;VK Ads;16396;162;2875
364;2024-03-31;TG_LOCAL;Telegram Chelyabinsk;Telegram;5340;97;1557
365;2024-04-01;YA_BRAND;Yandex Brand;Yandex Ads;3029;162;3674
366;2024-04-01;YA_GENERIC;Yandex Generic;Yandex Ads;5290;232;7667
367;2024-04-01;VK_RETARGET;VK Retargeting;VK Ads;15855;152;2864
368;2024-04-01;TG_LOCAL;Telegram Chelyabinsk;Telegram;5780;108;1756
369;2024-04-02;YA_BRAND;Yandex Brand;Yandex Ads;3096;167;3912
370;2024-04-02;YA_GENERIC;Yandex Generic;Yandex Ads;5727;250;7465
371;2024-04-02;VK_RETARGET;VK Retargeting;VK Ads;16069;161;2966
372;2024-04-02;TG_LOCAL;Telegram Chelyabinsk;Telegram;5748;104;1837
373;2024-04-03;YA_BRAND;Yandex Brand;Yandex Ads;2914;157;4037
374;2024-04-03;YA_GENERIC;Yandex Generic;Yandex Ads;5600;247;7877
375;2024-04-03;VK_RETARGET;VK Retargeting;VK Ads;17916;177;3149
376;2024-04-03;TG_LOCAL;Telegram Chelyabinsk;Telegram;5233;99;1594
377;2024-04-04;YA_BRAND;Yandex Brand;Yandex Ads;2836;150;3719
378;2024-04-04;YA_GENERIC;Yandex Generic;Yandex Ads;6043;245;7190
379;2024-04-04;VK_RETARGET;VK Retargeting;VK Ads;16351;172;3101
380;2024-04-04;TG_LOCAL;Telegram Chelyabinsk;Telegram;5968;110;1902
381;2024-04-05;YA_BRAND;Yandex Brand;Yandex Ads;2761;149;3561
382;2024-04-05;YA_GENERIC;Yandex Generic;Yandex Ads;5770;249;7384
383;2024-04-05;VK_RETARGET;VK Retargeting;VK Ads;15126;158;3010
384;2024-04-05;TG_LOCAL;Telegram Chelyabinsk;Telegram;5764;107;1787
385;2024-04-06;YA_BRAND;Yandex Brand;Yandex Ads;2370;128;3263
386;2024-04-06;YA_GENERIC;Yandex Generic;Yandex Ads;4442;188;6137
387;2024-04-06;VK_RETARGET;VK Retargeting;VK Ads;14072;147;2638
388;2024-04-06;TG_LOCAL;Telegram Chelyabinsk;Telegram;5947;107;1749
389;2024-04-07;YA_BRAND;Yandex Brand;Yandex Ads;2481;140;3370
390;2024-04-07;YA_GENERIC;Yandex Generic;Yandex Ads;5380;232;6958
391;2024-04-07;VK_RETARGET;VK Retargeting;VK Ads;12563;130;2547
392;2024-04-07;TG_LOCAL;Telegram Chelyabinsk;Telegram;5272;91;1636
393;2024-04-08;YA_BRAND;Yandex Brand;Yandex Ads;2928;161;4018
394;2024-04-08;YA_GENERIC;Yandex Generic;Yandex Ads;5249;211;6992
395;2024-04-08;VK_RETARGET;VK Retargeting;VK Ads;19869;190;3394
396;2024-04-08;TG_LOCAL;Telegram Chelyabinsk;Telegram;5413;102;1788
397;2024-04-09;YA_BRAND;Yandex Brand;Yandex Ads;3517;187;4337
398;2024-04-09;YA_GENERIC;Yandex Generic;Yandex Ads;5252;226;6887
399;2024-04-09;VK_RETARGET;VK Retargeting;VK Ads;16653;166;3239
400;2024-04-09;TG_LOCAL;Telegram Chelyabinsk;Telegram;5981;111;1936
401;2024-04-10;YA_BRAND;Yandex Brand;Yandex Ads;3067;177;4225
402;2024-04-10;YA_GENERIC;Yandex Generic;Yandex Ads;5586;242;7129
403;2024-04-10;VK_RETARGET;VK Retargeting;VK Ads;16282;160;3067
404;2024-04-10;TG_LOCAL;Telegram Chelyabinsk;Telegram;5269;96;1606
405;2024-04-11;YA_BRAND;Yandex Brand;Yandex Ads;2639;144;3568
406;2024-04-11;YA_GENERIC;Yandex Generic;Yandex Ads;5119;223;7391
407;2024-04-11;VK_RETARGET;VK Retargeting;VK Ads;16170;164;3002
408;2024-04-11;TG_LOCAL;Telegram Chelyabinsk;Telegram;5721;103;1658
409;2024-04-12;YA_BRAND;Yandex Brand;Yandex Ads;2790;147;3791
410;2024-04-12;YA_GENERIC;Yandex Generic;Yandex Ads;5732;240;7995
411;2024-04-12;VK_RETARGET;VK Retargeting;VK Ads;15031;154;3125
412;2024-04-12;TG_LOCAL;Telegram Chelyabinsk;Telegram;5397;100;1768
413;2024-04-13;YA_BRAND;Yandex Brand;Yandex Ads;2564;145;3539
414;2024-04-13;YA_GENERIC;Yandex Generic;Yandex Ads;4620;192;6352
415;2024-04-13;VK_RETARGET;VK Retargeting;VK Ads;12426;128;2520
416;2024-04-13;TG_LOCAL;Telegram Chelyabinsk;Telegram;5774;99;1590
417;2024-04-14;YA_BRAND;Yandex Brand;Yandex Ads;2644;145;3620
418;2024-04-14;YA_GENERIC;Yandex Generic;Yandex Ads;4181;171;5619
419;2024-04-14;VK_RETARGET;VK Retargeting;VK Ads;15606;157;2798
420;2024-04-14;TG_LOCAL;Telegram Chelyabinsk;Telegram;5373;99;1633
421;2024-04-15;YA_BRAND;Yandex Brand;Yandex Ads;3269;180;4147
422;2024-04-15;YA_GENERIC;Yandex Generic;Yandex Ads;6647;273;7983
423;2024-04-15;VK_RETARGET;VK Retargeting;VK Ads;16003;158;2876
424;2024-04-15;TG_LOCAL;Telegram Chelyabinsk;Telegram;5775;103;1882
425;2024-04-16;YA_BRAND;Yandex Brand;Yandex Ads;3303;174;4034
426;2024-04-16;YA_GENERIC;Yandex Generic;Yandex Ads;5912;249;7958
427;2024-04-16;VK_RETARGET;VK Retargeting;VK Ads;16116;156;2813
428;2024-04-16;TG_LOCAL;Telegram Chelyabinsk;Telegram;5793;109;1741
429;2024-04-17;YA_BRAND;Yandex Brand;Yandex Ads;2913;153;3705
430;2024-04-17;YA_GENERIC;Yandex Generic;Yandex Ads;5457;231;7152
431;2024-04-17;VK_RETARGET;VK Retargeting;VK Ads;15609;156;3024
432;2024-04-17;TG_LOCAL;Telegram Chelyabinsk;Telegram;5462;100;1778
433;2024-04-18;YA_BRAND;Yandex Brand;Yandex Ads;2848;163;4043
434;2024-04-18;YA_GENERIC;Yandex Generic;Yandex Ads;4995;216;6509
435;2024-04-18;VK_RETARGET;VK Retargeting;VK Ads;15509;158;3148
436;2024-04-18;TG_LOCAL;Telegram Chelyabinsk;Telegram;6402;117;1859
437;2024-04-19;YA_BRAND;Yandex Brand;Yandex Ads;3119;172;4258
438;2024-04-19;YA_GENERIC;Yandex Generic;Yandex Ads;5355;235;7351
439;2024-04-19;VK_RETARGET;VK Retargeting;VK Ads;13746;142;2788
440;2024-04-19;TG_LOCAL;Telegram Chelyabinsk;Telegram;6047;105;1689
441;2024-04-20;YA_BRAND;Yandex Brand;Yandex Ads;2739;144;3242
442;2024-04-20;YA_GENERIC;Yandex Generic;Yandex Ads;4623;186;6082
443;2024-04-20;VK_RETARGET;VK Retargeting;VK Ads;12031;122;2408
444;2024-04-20;TG_LOCAL;Telegram Chelyabinsk;Telegram;5857;102;1707
445;2024-04-21;YA_BRAND;Yandex Brand;Yandex Ads;2946;156;3552
446;2024-04-21;YA_GENERIC;Yandex Generic;Yandex Ads;4459;183;5799
447;2024-04-21;VK_RETARGET;VK Retargeting;VK Ads;15928;165;2948
448;2024-04-21;TG_LOCAL;Telegram Chelyabinsk;Telegram;5340;93;1643
449;2024-04-22;YA_BRAND;Yandex Brand;Yandex Ads;2629;147;3496
450;2024-04-22;YA_GENERIC;Yandex Generic;Yandex Ads;6120;268;8037
451;2024-04-22;VK_RETARGET;VK Retargeting;VK Ads;15130;147;2869
452;2024-04-22;TG_LOCAL;Telegram Chelyabinsk;Telegram;5627;97;1664
453;2024-04-23;YA_BRAND;Yandex Brand;Yandex Ads;3480;190;4363
454;2024-04-23;YA_GENERIC;Yandex Generic;Yandex Ads;5973;244;8062
455;2024-04-23;VK_RETARGET;VK Retargeting;VK Ads;15780;157;2865
456;2024-04-23;TG_LOCAL;Telegram Chelyabinsk;Telegram;6053;109;1805
457;2024-04-24;YA_BRAND;Yandex Brand;Yandex Ads;3516;190;4282
458;2024-04-24;YA_GENERIC;Yandex Generic;Yandex Ads;5390;231;7659
459;2024-04-24;VK_RETARGET;VK Retargeting;VK Ads;15830;156;2987
460;2024-04-24;TG_LOCAL;Telegram Chelyabinsk;Telegram;5620;98;1659
461;2024-04-25;YA_BRAND;Yandex Brand;Yandex Ads;3181;170;3835
462;2024-04-25;YA_GENERIC;Yandex Generic;Yandex Ads;5671;245;7722
463;2024-04-25;VK_RETARGET;VK Retargeting;VK Ads;14304;144;2791
464;2024-04-25;TG_LOCAL;Telegram Chelyabinsk;Telegram;5843;107;1950
465;2024-04-26;YA_BRAND;Yandex Brand;Yandex Ads;3022;159;3798
466;2024-04-26;YA_GENERIC;Yandex Generic;Yandex Ads;5606;231;7614
467;2024-04-26;VK_RETARGET;VK Retargeting;VK Ads;16466;160;2879
468;2024-04-26;TG_LOCAL;Telegram Chelyabinsk;Telegram;6598;115;1949
469;2024-04-27;YA_BRAND;Yandex Brand;Yandex Ads;2702;150;3629
470;2024-04-27;YA_GENERIC;Yandex Generic;Yandex Ads;4201;177;5826
471;2024-04-27;VK_RETARGET;VK Retargeting;VK Ads;14450;141;2548
472;2024-04-27;TG_LOCAL;Telegram Chelyabinsk;Telegram;5302;98;1636
473;2024-04-28;YA_BRAND;Yandex Brand;Yandex Ads;2392;136;3379
474;2024-04-28;YA_GENERIC;Yandex Generic;Yandex Ads;5650;226;7064
475;2024-04-28;VK_RETARGET;VK Retargeting;VK Ads;15107;145;2813
476;2024-04-28;TG_LOCAL;Telegram Chelyabinsk;Telegram;4969;91;1643
477;2024-04-29;YA_BRAND;Yandex Brand;Yandex Ads;3040;171;4348
478;2024-04-29;YA_GENERIC;Yandex Generic;Yandex Ads;5725;248;7263
479;2024-04-29;VK_RETARGET;VK Retargeting;VK Ads;18296;177;3325
480;2024-04-29;TG_LOCAL;Telegram Chelyabinsk;Telegram;6155;111;1832
481;2024-04-30;YA_BRAND;Yandex Brand;Yandex Ads;2777;152;3654
482;2024-04-30;YA_GENERIC;Yandex Generic;Yandex Ads;6049;243;7146
483;2024-04-30;VK_RETARGET;VK Retargeting;VK Ads;18257;175;3455
484;2024-04-30;TG_LOCAL;Telegram Chelyabinsk;Telegram;6205;108;1831
485;2024-05-01;YA_BRAND;Yandex Brand;Yandex Ads;3355;177;4323
486;2024-05-01;YA_GENERIC;Yandex Generic;Yandex Ads;5250;225;7144
487;2024-05-01;VK_RETARGET;VK Retargeting;VK Ads;14190;143;2915
488;2024-05-01;TG_LOCAL;Telegram Chelyabinsk;Telegram;5992;106;1843
489;2024-05-02;YA_BRAND;Yandex Brand;Yandex Ads;2861;151;3811
490;2024-05-02;YA_GENERIC;Yandex Generic;Yandex Ads;5782;241;7917
491;2024-05-02;VK_RETARGET;VK Retargeting;VK Ads;15193;156;2949
492;2024-05-02;TG_LOCAL;Telegram Chelyabinsk;Telegram;6768;118;1927
493;2024-05-03;YA_BRAND;Yandex Brand;Yandex Ads;3202;171;3830
494;2024-05-03;YA_GENERIC;Yandex Generic;Yandex Ads;5367;217;6765
495;2024-05-03;VK_RETARGET;VK Retargeting;VK Ads;17525;175;3537
496;2024-05-03;TG_LOCAL;Telegram Chelyabinsk;Telegram;6144;113;1913
497;2024-05-04;YA_BRAND;Yandex Brand;Yandex Ads;2323;131;3247
498;2024-05-04;YA_GENERIC;Yandex Generic;Yandex Ads;5405;233;6778
499;2024-05-04;VK_RETARGET;VK Retargeting;VK Ads;17407;174;3090
500;2024-05-04;TG_LOCAL;Telegram Chelyabinsk;Telegram;5255;92;1480
501;2024-05-05;YA_BRAND;Yandex Brand;Yandex Ads;3198;177;4057
502;2024-05-05;YA_GENERIC;Yandex Generic;Yandex Ads;5594;234;7092
503;2024-05-05;VK_RETARGET;VK Retargeting;VK Ads;16827;165;3137
504;2024-05-05;TG_LOCAL;Telegram Chelyabinsk;Telegram;4853;88;1496
505;2024-05-06;YA_BRAND;Yandex Brand;Yandex Ads;3025;171;4028
506;2024-05-06;YA_GENERIC;Yandex Generic;Yandex Ads;6734;270;8483
507;2024-05-06;VK_RETARGET;VK Retargeting;VK Ads;17732;174;3487
508;2024-05-06;TG_LOCAL;Telegram Chelyabinsk;Telegram;6690;119;1985
509;2024-05-07;YA_BRAND;Yandex Brand;Yandex Ads;2931;168;4166
510;2024-05-07;YA_GENERIC;Yandex Generic;Yandex Ads;5949;240;7488
511;2024-05-07;VK_RETARGET;VK Retargeting;VK Ads;15312;152;3009
512;2024-05-07;TG_LOCAL;Telegram Chelyabinsk;Telegram;6621;118;2041
513;2024-05-08;YA_BRAND;Yandex Brand;Yandex Ads;2868;164;4233
514;2024-05-08;YA_GENERIC;Yandex Generic;Yandex Ads;5622;232;7038
515;2024-05-08;VK_RETARGET;VK Retargeting;VK Ads;17488;178;3545
516;2024-05-08;TG_LOCAL;Telegram Chelyabinsk;Telegram;6615;115;2054
517;2024-05-09;YA_BRAND;Yandex Brand;Yandex Ads;3487;192;4431
518;2024-05-09;YA_GENERIC;Yandex Generic;Yandex Ads;5728;246;7422
519;2024-05-09;VK_RETARGET;VK Retargeting;VK Ads;20325;197;3636
520;2024-05-09;TG_LOCAL;Telegram Chelyabinsk;Telegram;6132;115;1962
521;2024-05-10;YA_BRAND;Yandex Brand;Yandex Ads;3066;164;3996
522;2024-05-10;YA_GENERIC;Yandex Generic;Yandex Ads;5405;237;7478
523;2024-05-10;VK_RETARGET;VK Retargeting;VK Ads;18096;177;3595
524;2024-05-10;TG_LOCAL;Telegram Chelyabinsk;Telegram;6428;116;1968
525;2024-05-11;YA_BRAND;Yandex Brand;Yandex Ads;2965;159;3616
526;2024-05-11;YA_GENERIC;Yandex Generic;Yandex Ads;4707;201;6041
527;2024-05-11;VK_RETARGET;VK Retargeting;VK Ads;16556;162;3201
528;2024-05-11;TG_LOCAL;Telegram Chelyabinsk;Telegram;4608;83;1513
529;2024-05-12;YA_BRAND;Yandex Brand;Yandex Ads;3327;175;3999
530;2024-05-12;YA_GENERIC;Yandex Generic;Yandex Ads;4515;192;6397
531;2024-05-12;VK_RETARGET;VK Retargeting;VK Ads;15528;162;3183
532;2024-05-12;TG_LOCAL;Telegram Chelyabinsk;Telegram;5240;91;1562
533;2024-05-13;YA_BRAND;Yandex Brand;Yandex Ads;3587;200;4587
534;2024-05-13;YA_GENERIC;Yandex Generic;Yandex Ads;5519;221;7261
535;2024-05-13;VK_RETARGET;VK Retargeting;VK Ads;17380;168;3097
536;2024-05-13;TG_LOCAL;Telegram Chelyabinsk;Telegram;6434;117;1923
537;2024-05-14;YA_BRAND;Yandex Brand;Yandex Ads;3464;185;4212
538;2024-05-14;YA_GENERIC;Yandex Generic;Yandex Ads;5603;229;7609
539;2024-05-14;VK_RETARGET;VK Retargeting;VK Ads;19192;194;3522
540;2024-05-14;TG_LOCAL;Telegram Chelyabinsk;Telegram;7382;130;2114
541;2024-05-15;YA_BRAND;Yandex Brand;Yandex Ads;3240;173;4008
542;2024-05-15;YA_GENERIC;Yandex Generic;Yandex Ads;5772;249;7514
543;2024-05-15;VK_RETARGET;VK Retargeting;VK Ads;19767;194;3592
544;2024-05-15;TG_LOCAL;Telegram Chelyabinsk;Telegram;6098;113;1793
545;2024-05-16;YA_BRAND;Yandex Brand;Yandex Ads;3177;181;4522
546;2024-05-16;YA_GENERIC;Yandex Generic;Yandex Ads;5717;239;7194
547;2024-05-16;VK_RETARGET;VK Retargeting;VK Ads;18557;178;3594
548;2024-05-16;TG_LOCAL;Telegram Chelyabinsk;Telegram;5507;95;1718
549;2024-05-17;YA_BRAND;Yandex Brand;Yandex Ads;3342;182;4581
550;2024-05-17;YA_GENERIC;Yandex Generic;Yandex Ads;5551;242;7408
551;2024-05-17;VK_RETARGET;VK Retargeting;VK Ads;19110;188;3510
552;2024-05-17;TG_LOCAL;Telegram Chelyabinsk;Telegram;5596;104;1764
553;2024-05-18;YA_BRAND;Yandex Brand;Yandex Ads;2473;140;3239
554;2024-05-18;YA_GENERIC;Yandex Generic;Yandex Ads;4302;183;6020
555;2024-05-18;VK_RETARGET;VK Retargeting;VK Ads;12418;127;2567
556;2024-05-18;TG_LOCAL;Telegram Chelyabinsk;Telegram;5893;105;1863
557;2024-05-19;YA_BRAND;Yandex Brand;Yandex Ads;2812;162;4002
558;2024-05-19;YA_GENERIC;Yandex Generic;Yandex Ads;4845;198;5912
559;2024-05-19;VK_RETARGET;VK Retargeting;VK Ads;13979;139;2742
560;2024-05-19;TG_LOCAL;Telegram Chelyabinsk;Telegram;5389;97;1751
561;2024-05-20;YA_BRAND;Yandex Brand;Yandex Ads;2870;165;4116
562;2024-05-20;YA_GENERIC;Yandex Generic;Yandex Ads;5319;232;6853
563;2024-05-20;VK_RETARGET;VK Retargeting;VK Ads;15203;154;3088
564;2024-05-20;TG_LOCAL;Telegram Chelyabinsk;Telegram;5296;96;1743
565;2024-05-21;YA_BRAND;Yandex Brand;Yandex Ads;3710;203;4570
566;2024-05-21;YA_GENERIC;Yandex Generic;Yandex Ads;6365;270;8172
567;2024-05-21;VK_RETARGET;VK Retargeting;VK Ads;18066;180;3356
568;2024-05-21;TG_LOCAL;Telegram Chelyabinsk;Telegram;5734;106;1770
569;2024-05-22;YA_BRAND;Yandex Brand;Yandex Ads;3461;188;4513
570;2024-05-22;YA_GENERIC;Yandex Generic;Yandex Ads;6581;265;7925
571;2024-05-22;VK_RETARGET;VK Retargeting;VK Ads;19394;196;3511
572;2024-05-22;TG_LOCAL;Telegram Chelyabinsk;Telegram;6147;111;1909
573;2024-05-23;YA_BRAND;Yandex Brand;Yandex Ads;3300;191;4475
574;2024-05-23;YA_GENERIC;Yandex Generic;Yandex Ads;6832;285;8404
575;2024-05-23;VK_RETARGET;VK Retargeting;VK Ads;15971;162;3151
576;2024-05-23;TG_LOCAL;Telegram Chelyabinsk;Telegram;6757;116;1957
577;2024-05-24;YA_BRAND;Yandex Brand;Yandex Ads;3238;177;4363
578;2024-05-24;YA_GENERIC;Yandex Generic;Yandex Ads;5234;229;7528
579;2024-05-24;VK_RETARGET;VK Retargeting;VK Ads;15733;161;2916
580;2024-05-24;TG_LOCAL;Telegram Chelyabinsk;Telegram;5664;101;1779
581;2024-05-25;YA_BRAND;Yandex Brand;Yandex Ads;2946;158;3796
582;2024-05-25;YA_GENERIC;Yandex Generic;Yandex Ads;5775;235;7471
583;2024-05-25;VK_RETARGET;VK Retargeting;VK Ads;15075;144;2621
584;2024-05-25;TG_LOCAL;Telegram Chelyabinsk;Telegram;6575;117;1857
585;2024-05-26;YA_BRAND;Yandex Brand;Yandex Ads;2861;159;3623
586;2024-05-26;YA_GENERIC;Yandex Generic;Yandex Ads;5154;214;6839
587;2024-05-26;VK_RETARGET;VK Retargeting;VK Ads;15006;145;2827
588;2024-05-26;TG_LOCAL;Telegram Chelyabinsk;Telegram;4910;93;1556
589;2024-05-27;YA_BRAND;Yandex Brand;Yandex Ads;3085;164;3743
590;2024-05-27;YA_GENERIC;Yandex Generic;Yandex Ads;5236;228;6753
591;2024-05-27;VK_RETARGET;VK Retargeting;VK Ads;18664;194;3473
592;2024-05-27;TG_LOCAL;Telegram Chelyabinsk;Telegram;6726;120;2050
593;2024-05-28;YA_BRAND;Yandex Brand;Yandex Ads;2821;159;4054
594;2024-05-28;YA_GENERIC;Yandex Generic;Yandex Ads;5911;245;8037
595;2024-05-28;VK_RETARGET;VK Retargeting;VK Ads;18594;192;3509
596;2024-05-28;TG_LOCAL;Telegram Chelyabinsk;Telegram;6410;111;1809
597;2024-05-29;YA_BRAND;Yandex Brand;Yandex Ads;3504;198;4622
598;2024-05-29;YA_GENERIC;Yandex Generic;Yandex Ads;6114;245;7550
599;2024-05-29;VK_RETARGET;VK Retargeting;VK Ads;17598;176;3311
600;2024-05-29;TG_LOCAL;Telegram Chelyabinsk;Telegram;6586;119;1929
601;2024-05-30;YA_BRAND;Yandex Brand;Yandex Ads;2990;169;4016
602;2024-05-30;YA_GENERIC;Yandex Generic;Yandex Ads;6218;264;7900
603;2024-05-30;VK_RETARGET;VK Retargeting;VK Ads;16898;164;3008
604;2024-05-30;TG_LOCAL;Telegram Chelyabinsk;Telegram;6623;122;2064
605;2024-05-31;YA_BRAND;Yandex Brand;Yandex Ads;3386;184;4216
606;2024-05-31;YA_GENERIC;Yandex Generic;Yandex Ads;6519;271;8417
607;2024-05-31;VK_RETARGET;VK Retargeting;VK Ads;15972;160;3217
608;2024-05-31;TG_LOCAL;Telegram Chelyabinsk;Telegram;6099;110;1798
609;2024-06-01;YA_BRAND;Yandex Brand;Yandex Ads;2765;146;3611
610;2024-06-01;YA_GENERIC;Yandex Generic;Yandex Ads;5860;259;7736
611;2024-06-01;VK_RETARGET;VK Retargeting;VK Ads;14947;150;2986
612;2024-06-01;TG_LOCAL;Telegram Chelyabinsk;Telegram;4973;91;1653
613;2024-06-02;YA_BRAND;Yandex Brand;Yandex Ads;2466;140;3346
614;2024-06-02;YA_GENERIC;Yandex Generic;Yandex Ads;5338;218;7052
615;2024-06-02;VK_RETARGET;VK Retargeting;VK Ads;14894;143;2765
616;2024-06-02;TG_LOCAL;Telegram Chelyabinsk;Telegram;6435;113;1862
617;2024-06-03;YA_BRAND;Yandex Brand;Yandex Ads;3107;172;4146
618;2024-06-03;YA_GENERIC;Yandex Generic;Yandex Ads;6383;275;8315
619;2024-06-03;VK_RETARGET;VK Retargeting;VK Ads;19427;193;3718
620;2024-06-03;TG_LOCAL;Telegram Chelyabinsk;Telegram;7176;128;2135
621;2024-06-04;YA_BRAND;Yandex Brand;Yandex Ads;3102;170;4181
622;2024-06-04;YA_GENERIC;Yandex Generic;Yandex Ads;6354;263;8061
623;2024-06-04;VK_RETARGET;VK Retargeting;VK Ads;20266;200;3805
624;2024-06-04;TG_LOCAL;Telegram Chelyabinsk;Telegram;6210;110;1939
625;2024-06-05;YA_BRAND;Yandex Brand;Yandex Ads;3327;192;4767
626;2024-06-05;YA_GENERIC;Yandex Generic;Yandex Ads;5235;231;7057
627;2024-06-05;VK_RETARGET;VK Retargeting;VK Ads;17472;173;3536
628;2024-06-05;TG_LOCAL;Telegram Chelyabinsk;Telegram;6704;124;2050
629;2024-06-06;YA_BRAND;Yandex Brand;Yandex Ads;2862;164;3958
630;2024-06-06;YA_GENERIC;Yandex Generic;Yandex Ads;6399;262;8192
631;2024-06-06;VK_RETARGET;VK Retargeting;VK Ads;15834;163;3055
632;2024-06-06;TG_LOCAL;Telegram Chelyabinsk;Telegram;7015;126;2103
633;2024-06-07;YA_BRAND;Yandex Brand;Yandex Ads;3218;183;4264
634;2024-06-07;YA_GENERIC;Yandex Generic;Yandex Ads;5924;258;8061
635;2024-06-07;VK_RETARGET;VK Retargeting;VK Ads;16243;165;3334
636;2024-06-07;TG_LOCAL;Telegram Chelyabinsk;Telegram;6726;123;2212
637;2024-06-08;YA_BRAND;Yandex Brand;Yandex Ads;3333;178;4200
638;2024-06-08;YA_GENERIC;Yandex Generic;Yandex Ads;5605;236;7407
639;2024-06-08;VK_RETARGET;VK Retargeting;VK Ads;16959;167;3330
640;2024-06-08;TG_LOCAL;Telegram Chelyabinsk;Telegram;6738;116;1880
641;2024-06-09;YA_BRAND;Yandex Brand;Yandex Ads;2651;149;3361
642;2024-06-09;YA_GENERIC;Yandex Generic;Yandex Ads;5176;224;6822
643;2024-06-09;VK_RETARGET;VK Retargeting;VK Ads;16967;176;3357
644;2024-06-09;TG_LOCAL;Telegram Chelyabinsk;Telegram;5425;99;1665
645;2024-06-10;YA_BRAND;Yandex Brand;Yandex Ads;3499;191;4523
646;2024-06-10;YA_GENERIC;Yandex Generic;Yandex Ads;6238;275;8586
647;2024-06-10;VK_RETARGET;VK Retargeting;VK Ads;18582;179;3539
648;2024-06-10;TG_LOCAL;Telegram Chelyabinsk;Telegram;6830;125;2135
649;2024-06-11;YA_BRAND;Yandex Brand;Yandex Ads;3696;197;4718
650;2024-06-11;YA_GENERIC;Yandex Generic;Yandex Ads;5560;244;7896
651;2024-06-11;VK_RETARGET;VK Retargeting;VK Ads;16470;165;3350
652;2024-06-11;TG_LOCAL;Telegram Chelyabinsk;Telegram;6267;118;2026
653;2024-06-12;YA_BRAND;Yandex Brand;Yandex Ads;2924;167;3923
654;2024-06-12;YA_GENERIC;Yandex Generic;Yandex Ads;6647;285;8595
655;2024-06-12;VK_RETARGET;VK Retargeting;VK Ads;17382;177;3157
656;2024-06-12;TG_LOCAL;Telegram Chelyabinsk;Telegram;6259;116;2127
657;2024-06-13;YA_BRAND;Yandex Brand;Yandex Ads;3641;203;4718
658;2024-06-13;YA_GENERIC;Yandex Generic;Yandex Ads;5227;230;7126
659;2024-06-13;VK_RETARGET;VK Retargeting;VK Ads;17091;174;3310
660;2024-06-13;TG_LOCAL;Telegram Chelyabinsk;Telegram;6023;105;1832
661;2024-06-14;YA_BRAND;Yandex Brand;Yandex Ads;2869;163;4171
662;2024-06-14;YA_GENERIC;Yandex Generic;Yandex Ads;6306;259;7620
663;2024-06-14;VK_RETARGET;VK Retargeting;VK Ads;17267;174;3446
664;2024-06-14;TG_LOCAL;Telegram Chelyabinsk;Telegram;5797;109;1964
665;2024-06-15;YA_BRAND;Yandex Brand;Yandex Ads;2931;169;4136
666;2024-06-15;YA_GENERIC;Yandex Generic;Yandex Ads;4803;198;6280
667;2024-06-15;VK_RETARGET;VK Retargeting;VK Ads;16592;169;3282
668;2024-06-15;TG_LOCAL;Telegram Chelyabinsk;Telegram;5633;106;1741
669;2024-06-16;YA_BRAND;Yandex Brand;Yandex Ads;2869;151;3435
670;2024-06-16;YA_GENERIC;Yandex Generic;Yandex Ads;5588;239;7163
671;2024-06-16;VK_RETARGET;VK Retargeting;VK Ads;14815;147;3001
672;2024-06-16;TG_LOCAL;Telegram Chelyabinsk;Telegram;6277;111;1936
673;2024-06-17;YA_BRAND;Yandex Brand;Yandex Ads;3093;178;4373
674;2024-06-17;YA_GENERIC;Yandex Generic;Yandex Ads;5886;240;7172
675;2024-06-17;VK_RETARGET;VK Retargeting;VK Ads;19720;206;3765
676;2024-06-17;TG_LOCAL;Telegram Chelyabinsk;Telegram;6581;118;2123
677;2024-06-18;YA_BRAND;Yandex Brand;Yandex Ads;3331;181;4274
678;2024-06-18;YA_GENERIC;Yandex Generic;Yandex Ads;5317;233;7007
679;2024-06-18;VK_RETARGET;VK Retargeting;VK Ads;18830;191;3775
680;2024-06-18;TG_LOCAL;Telegram Chelyabinsk;Telegram;5731;100;1774
681;2024-06-19;YA_BRAND;Yandex Brand;Yandex Ads;2813;153;3946
682;2024-06-19;YA_GENERIC;Yandex Generic;Yandex Ads;5770;247;8071
683;2024-06-19;VK_RETARGET;VK Retargeting;VK Ads;20412;203;3674
684;2024-06-19;TG_LOCAL;Telegram Chelyabinsk;Telegram;6773;117;1865
685;2024-06-20;YA_BRAND;Yandex Brand;Yandex Ads;2771;156;3796
686;2024-06-20;YA_GENERIC;Yandex Generic;Yandex Ads;6327;277;8716
687;2024-06-20;VK_RETARGET;VK Retargeting;VK Ads;17718;183;3386
688;2024-06-20;TG_LOCAL;Telegram Chelyabinsk;Telegram;6524;113;1988
689;2024-06-21;YA_BRAND;Yandex Brand;Yandex Ads;3072;173;4162
690;2024-06-21;YA_GENERIC;Yandex Generic;Yandex Ads;5943;246;7412
691;2024-06-21;VK_RETARGET;VK Retargeting;VK Ads;20710;205;3742
692;2024-06-21;TG_LOCAL;Telegram Chelyabinsk;Telegram;6578;114;1997
693;2024-06-22;YA_BRAND;Yandex Brand;Yandex Ads;2982;168;3934
694;2024-06-22;YA_GENERIC;Yandex Generic;Yandex Ads;5605;226;7018
695;2024-06-22;VK_RETARGET;VK Retargeting;VK Ads;15363;154;2848
696;2024-06-22;TG_LOCAL;Telegram Chelyabinsk;Telegram;5610;103;1737
697;2024-06-23;YA_BRAND;Yandex Brand;Yandex Ads;3159;174;4043
698;2024-06-23;YA_GENERIC;Yandex Generic;Yandex Ads;4669;205;6515
699;2024-06-23;VK_RETARGET;VK Retargeting;VK Ads;15612;153;2770
700;2024-06-23;TG_LOCAL;Telegram Chelyabinsk;Telegram;5520;102;1767
701;2024-06-24;YA_BRAND;Yandex Brand;Yandex Ads;3157;172;3901
702;2024-06-24;YA_GENERIC;Yandex Generic;Yandex Ads;6052;251;7718
703;2024-06-24;VK_RETARGET;VK Retargeting;VK Ads;15660;162;3184
704;2024-06-24;TG_LOCAL;Telegram Chelyabinsk;Telegram;6852;123;1989
705;2024-06-25;YA_BRAND;Yandex Brand;Yandex Ads;2799;156;3900
706;2024-06-25;YA_GENERIC;Yandex Generic;Yandex Ads;5909;248;7680
707;2024-06-25;VK_RETARGET;VK Retargeting;VK Ads;18229;183;3526
708;2024-06-25;TG_LOCAL;Telegram Chelyabinsk;Telegram;7663;136;2212
709;2024-06-26;YA_BRAND;Yandex Brand;Yandex Ads;2928;165;4060
710;2024-06-26;YA_GENERIC;Yandex Generic;Yandex Ads;7358;303;8835
711;2024-06-26;VK_RETARGET;VK Retargeting;VK Ads;18309;177;3265
712;2024-06-26;TG_LOCAL;Telegram Chelyabinsk;Telegram;6556;120;1958
713;2024-06-27;YA_BRAND;Yandex Brand;Yandex Ads;3638;207;4673
714;2024-06-27;YA_GENERIC;Yandex Generic;Yandex Ads;5997;260;8444
715;2024-06-27;VK_RETARGET;VK Retargeting;VK Ads;19729;196;3643
716;2024-06-27;TG_LOCAL;Telegram Chelyabinsk;Telegram;7240;133;2207
717;2024-06-28;YA_BRAND;Yandex Brand;Yandex Ads;3156;182;4244
718;2024-06-28;YA_GENERIC;Yandex Generic;Yandex Ads;6553;288;8651
719;2024-06-28;VK_RETARGET;VK Retargeting;VK Ads;20741;204;3814
720;2024-06-28;TG_LOCAL;Telegram Chelyabinsk;Telegram;6466;121;2176
721;2024-06-29;YA_BRAND;Yandex Brand;Yandex Ads;2975;166;3792
722;2024-06-29;YA_GENERIC;Yandex Generic;Yandex Ads;4981;201;6242
723;2024-06-29;VK_RETARGET;VK Retargeting;VK Ads;13185;132;2653
724;2024-06-29;TG_LOCAL;Telegram Chelyabinsk;Telegram;5083;88;1551
725;2024-06-30;YA_BRAND;Yandex Brand;Yandex Ads;3077;163;3817
726;2024-06-30;YA_GENERIC;Yandex Generic;Yandex Ads;4963;216;6715
727;2024-06-30;VK_RETARGET;VK Retargeting;VK Ads;17083;178;3244
728;2024-06-30;TG_LOCAL;Telegram Chelyabinsk;Telegram;5639;98;1761
729;2024-07-01;YA_BRAND;Yandex Brand;Yandex Ads;3280;178;4545
730;2024-07-01;YA_GENERIC;Yandex Generic;Yandex Ads;6888;292;8671
731;2024-07-01;VK_RETARGET;VK Retargeting;VK Ads;18797;196;3837
732;2024-07-01;TG_LOCAL;Telegram Chelyabinsk;Telegram;5991;107;1946
733;2024-07-01;VK_SUMMER;VK Summer Gadgets;VK Ads;83888;648;9117
734;2024-07-02;YA_BRAND;Yandex Brand;Yandex Ads;3287;187;4557
735;2024-07-02;YA_GENERIC;Yandex Generic;Yandex Ads;6446;264;8444
736;2024-07-02;VK_RETARGET;VK Retargeting;VK Ads;16381;158;3189
737;2024-07-02;TG_LOCAL;Telegram Chelyabinsk;Telegram;6439;112;2039
738;2024-07-02;VK_SUMMER;VK Summer Gadgets;VK Ads;82374;651;9513
739;2024-07-03;YA_BRAND;Yandex Brand;Yandex Ads;3058;170;4229
740;2024-07-03;YA_GENERIC;Yandex Generic;Yandex Ads;6458;277;8677
741;2024-07-03;VK_RETARGET;VK Retargeting;VK Ads;20522;213;3845
742;2024-07-03;TG_LOCAL;Telegram Chelyabinsk;Telegram;7763;135;2330
743;2024-07-03;VK_SUMMER;VK Summer Gadgets;VK Ads;62416;512;7964
744;2024-07-04;YA_BRAND;Yandex Brand;Yandex Ads;3644;203;5060
745;2024-07-04;YA_GENERIC;Yandex Generic;Yandex Ads;6411;260;7645
746;2024-07-04;VK_RETARGET;VK Retargeting;VK Ads;18456;177;3295
747;2024-07-04;TG_LOCAL;Telegram Chelyabinsk;Telegram;7164;127;2301
748;2024-07-04;VK_SUMMER;VK Summer Gadgets;VK Ads;71695;577;9292
749;2024-07-05;YA_BRAND;Yandex Brand;Yandex Ads;3425;180;4546
750;2024-07-05;YA_GENERIC;Yandex Generic;Yandex Ads;5899;252;7468
751;2024-07-05;VK_RETARGET;VK Retargeting;VK Ads;18288;183;3703
752;2024-07-05;TG_LOCAL;Telegram Chelyabinsk;Telegram;7950;145;2318
753;2024-07-05;VK_SUMMER;VK Summer Gadgets;VK Ads;62764;517;8111
754;2024-07-06;YA_BRAND;Yandex Brand;Yandex Ads;3114;166;3854
755;2024-07-06;YA_GENERIC;Yandex Generic;Yandex Ads;5128;215;7047
756;2024-07-06;VK_RETARGET;VK Retargeting;VK Ads;16962;170;3162
757;2024-07-06;TG_LOCAL;Telegram Chelyabinsk;Telegram;6506;120;2004
758;2024-07-06;VK_SUMMER;VK Summer Gadgets;VK Ads;73744;565;8626
759;2024-07-07;YA_BRAND;Yandex Brand;Yandex Ads;3149;176;4028
760;2024-07-07;YA_GENERIC;Yandex Generic;Yandex Ads;6135;249;7503
761;2024-07-07;VK_RETARGET;VK Retargeting;VK Ads;15437;154;3148
762;2024-07-07;TG_LOCAL;Telegram Chelyabinsk;Telegram;5893;109;1926
763;2024-07-07;VK_SUMMER;VK Summer Gadgets;VK Ads;63799;528;7960
764;2024-07-08;YA_BRAND;Yandex Brand;Yandex Ads;3432;191;4334
765;2024-07-08;YA_GENERIC;Yandex Generic;Yandex Ads;6240;275;8243
766;2024-07-08;VK_RETARGET;VK Retargeting;VK Ads;19158;199;3583
767;2024-07-08;TG_LOCAL;Telegram Chelyabinsk;Telegram;7679;140;2235
768;2024-07-08;VK_SUMMER;VK Summer Gadgets;VK Ads;71639;595;9230
769;2024-07-09;YA_BRAND;Yandex Brand;Yandex Ads;3715;203;4974
770;2024-07-09;YA_GENERIC;Yandex Generic;Yandex Ads;5767;254;8220
771;2024-07-09;VK_RETARGET;VK Retargeting;VK Ads;19667;194;3608
772;2024-07-09;TG_LOCAL;Telegram Chelyabinsk;Telegram;6952;126;2083
773;2024-07-09;VK_SUMMER;VK Summer Gadgets;VK Ads;84874;685;10001
774;2024-07-10;YA_BRAND;Yandex Brand;Yandex Ads;3516;192;4777
775;2024-07-10;YA_GENERIC;Yandex Generic;Yandex Ads;6594;283;8548
776;2024-07-10;VK_RETARGET;VK Retargeting;VK Ads;17081;177;3602
777;2024-07-10;TG_LOCAL;Telegram Chelyabinsk;Telegram;6474;113;2012
778;2024-07-10;VK_SUMMER;VK Summer Gadgets;VK Ads;70064;546;8146
779;2024-07-11;YA_BRAND;Yandex Brand;Yandex Ads;3950;207;4639
780;2024-07-11;YA_GENERIC;Yandex Generic;Yandex Ads;6554;275;8792
781;2024-07-11;VK_RETARGET;VK Retargeting;VK Ads;18110;174;3497
782;2024-07-11;TG_LOCAL;Telegram Chelyabinsk;Telegram;6547;118;2135
783;2024-07-11;VK_SUMMER;VK Summer Gadgets;VK Ads;89632;719;10086
784;2024-07-12;YA_BRAND;Yandex Brand;Yandex Ads;3610;201;4939
785;2024-07-12;YA_GENERIC;Yandex Generic;Yandex Ads;5625;229;7497
786;2024-07-12;VK_RETARGET;VK Retargeting;VK Ads;18292;178;3180
787;2024-07-12;TG_LOCAL;Telegram Chelyabinsk;Telegram;7762;136;2324
788;2024-07-12;VK_SUMMER;VK Summer Gadgets;VK Ads;78916;615;9871
789;2024-07-13;YA_BRAND;Yandex Brand;Yandex Ads;2886;164;4225
790;2024-07-13;YA_GENERIC;Yandex Generic;Yandex Ads;5102;219;6533
791;2024-07-13;VK_RETARGET;VK Retargeting;VK Ads;18549;177;3225
792;2024-07-13;TG_LOCAL;Telegram Chelyabinsk;Telegram;6370;110;1961
793;2024-07-13;VK_SUMMER;VK Summer Gadgets;VK Ads;68025;531;7787
794;2024-07-14;YA_BRAND;Yandex Brand;Yandex Ads;2459;138;3526
795;2024-07-14;YA_GENERIC;Yandex Generic;Yandex Ads;5980;241;7447
796;2024-07-14;VK_RETARGET;VK Retargeting;VK Ads;17124;171;3456
797;2024-07-14;TG_LOCAL;Telegram Chelyabinsk;Telegram;6505;122;2022
798;2024-07-14;VK_SUMMER;VK Summer Gadgets;VK Ads;63201;531;8137
799;2024-07-15;YA_BRAND;Yandex Brand;Yandex Ads;3008;169;4047
800;2024-07-15;YA_GENERIC;Yandex Generic;Yandex Ads;7530;302;8826
801;2024-07-15;VK_RETARGET;VK Retargeting;VK Ads;18156;184;3527
802;2024-07-15;TG_LOCAL;Telegram Chelyabinsk;Telegram;6429;121;1939
803;2024-07-15;VK_SUMMER;VK Summer Gadgets;VK Ads;74593;605;9172
804;2024-07-16;YA_BRAND;Yandex Brand;Yandex Ads;3243;178;4431
805;2024-07-16;YA_GENERIC;Yandex Generic;Yandex Ads;5922;252;8385
806;2024-07-16;VK_RETARGET;VK Retargeting;VK Ads;18133;180;3559
807;2024-07-16;TG_LOCAL;Telegram Chelyabinsk;Telegram;6456;118;2139
808;2024-07-16;VK_SUMMER;VK Summer Gadgets;VK Ads;84170;643;9433
809;2024-07-17;YA_BRAND;Yandex Brand;Yandex Ads;3600;200;4728
810;2024-07-17;YA_GENERIC;Yandex Generic;Yandex Ads;6763;277;8717
811;2024-07-17;VK_RETARGET;VK Retargeting;VK Ads;15913;160;3262
812;2024-07-17;TG_LOCAL;Telegram Chelyabinsk;Telegram;7180;128;2148
813;2024-07-17;VK_SUMMER;VK Summer Gadgets;VK Ads;79164;607;8635
814;2024-07-18;YA_BRAND;Yandex Brand;Yandex Ads;3260;176;4443
815;2024-07-18;YA_GENERIC;Yandex Generic;Yandex Ads;7248;295;8876
816;2024-07-18;VK_RETARGET;VK Retargeting;VK Ads;17913;185;3418
817;2024-07-18;TG_LOCAL;Telegram Chelyabinsk;Telegram;6441;122;2018
818;2024-07-18;VK_SUMMER;VK Summer Gadgets;VK Ads;69861;572;9023
819;2024-07-19;YA_BRAND;Yandex Brand;Yandex Ads;3770;211;4985
820;2024-07-19;YA_GENERIC;Yandex Generic;Yandex Ads;6098;262;8384
821;2024-07-19;VK_RETARGET;VK Retargeting;VK Ads;20067;200;3823
822;2024-07-19;TG_LOCAL;Telegram Chelyabinsk;Telegram;6654;115;1847
823;2024-07-19;VK_SUMMER;VK Summer Gadgets;VK Ads;75217;577;9249
824;2024-07-20;YA_BRAND;Yandex Brand;Yandex Ads;2691;155;3763
825;2024-07-20;YA_GENERIC;Yandex Generic;Yandex Ads;5878;248;7585
826;2024-07-20;VK_RETARGET;VK Retargeting;VK Ads;18976;189;3493
827;2024-07-20;TG_LOCAL;Telegram Chelyabinsk;Telegram;5626;104;1871
828;2024-07-20;VK_SUMMER;VK Summer Gadgets;VK Ads;74836;580;8223
829;2024-07-21;YA_BRAND;Yandex Brand;Yandex Ads;3523;189;4329
830;2024-07-21;YA_GENERIC;Yandex Generic;Yandex Ads;5596;224;6575
831;2024-07-21;VK_RETARGET;VK Retargeting;VK Ads;14504;151;2902
832;2024-07-21;TG_LOCAL;Telegram Chelyabinsk;Telegram;6202;112;2038
833;2024-07-21;VK_SUMMER;VK Summer Gadgets;VK Ads;66309;521;8204
834;2024-07-22;YA_BRAND;Yandex Brand;Yandex Ads;3554;192;4836
835;2024-07-22;YA_GENERIC;Yandex Generic;Yandex Ads;6423;277;8958
836;2024-07-22;VK_RETARGET;VK Retargeting;VK Ads;19017;190;3549
837;2024-07-22;TG_LOCAL;Telegram Chelyabinsk;Telegram;6637;119;2123
838;2024-07-22;VK_SUMMER;VK Summer Gadgets;VK Ads;69563;538;8588
839;2024-07-23;YA_BRAND;Yandex Brand;Yandex Ads;2996;169;4231
840;2024-07-23;YA_GENERIC;Yandex Generic;Yandex Ads;7282;292;8789
841;2024-07-23;VK_RETARGET;VK Retargeting;VK Ads;17976;189;3685
842;2024-07-23;TG_LOCAL;Telegram Chelyabinsk;Telegram;5709;106;1936
843;2024-07-23;VK_SUMMER;VK Summer Gadgets;VK Ads;71438;563;8236
844;2024-07-24;YA_BRAND;Yandex Brand;Yandex Ads;3431;189;4505
845;2024-07-24;YA_GENERIC;Yandex Generic;Yandex Ads;6080;246;7475
846;2024-07-24;VK_RETARGET;VK Retargeting;VK Ads;17249;180;3468
847;2024-07-24;TG_LOCAL;Telegram Chelyabinsk;Telegram;6059;105;1893
848;2024-07-24;VK_SUMMER;VK Summer Gadgets;VK Ads;82643;683;9652
849;2024-07-25;YA_BRAND;Yandex Brand;Yandex Ads;3435;198;4940
850;2024-07-25;YA_GENERIC;Yandex Generic;Yandex Ads;6630;286;8813
851;2024-07-25;VK_RETARGET;VK Retargeting;VK Ads;18395;179;3243
852;2024-07-25;TG_LOCAL;Telegram Chelyabinsk;Telegram;5968;111;1939
853;2024-07-25;VK_SUMMER;VK Summer Gadgets;VK Ads;84023;664;10073
854;2024-07-26;YA_BRAND;Yandex Brand;Yandex Ads;3803;214;4841
855;2024-07-26;YA_GENERIC;Yandex Generic;Yandex Ads;6945;287;8621
856;2024-07-26;VK_RETARGET;VK Retargeting;VK Ads;20985;210;3811
857;2024-07-26;TG_LOCAL;Telegram Chelyabinsk;Telegram;6357;119;2130
858;2024-07-26;VK_SUMMER;VK Summer Gadgets;VK Ads;79180;644;9556
859;2024-07-27;YA_BRAND;Yandex Brand;Yandex Ads;3040;170;4036
860;2024-07-27;YA_GENERIC;Yandex Generic;Yandex Ads;6089;264;7906
861;2024-07-27;VK_RETARGET;VK Retargeting;VK Ads;18347;186;3487
862;2024-07-27;TG_LOCAL;Telegram Chelyabinsk;Telegram;6078;105;1852
863;2024-07-27;VK_SUMMER;VK Summer Gadgets;VK Ads;63719;536;8355
864;2024-07-28;YA_BRAND;Yandex Brand;Yandex Ads;2881;153;3759
865;2024-07-28;YA_GENERIC;Yandex Generic;Yandex Ads;4889;211;7016
866;2024-07-28;VK_RETARGET;VK Retargeting;VK Ads;19496;197;3498
867;2024-07-28;TG_LOCAL;Telegram Chelyabinsk;Telegram;5807;100;1661
868;2024-07-28;VK_SUMMER;VK Summer Gadgets;VK Ads;70258;555;8461
869;2024-07-29;YA_BRAND;Yandex Brand;Yandex Ads;3745;213;4952
870;2024-07-29;YA_GENERIC;Yandex Generic;Yandex Ads;7748;319;9299
871;2024-07-29;VK_RETARGET;VK Retargeting;VK Ads;20868;202;3608
872;2024-07-29;TG_LOCAL;Telegram Chelyabinsk;Telegram;7046;127;2087
873;2024-07-29;VK_SUMMER;VK Summer Gadgets;VK Ads;71091;594;8647
874;2024-07-30;YA_BRAND;Yandex Brand;Yandex Ads;3391;185;4603
875;2024-07-30;YA_GENERIC;Yandex Generic;Yandex Ads;6009;244;7482
876;2024-07-30;VK_RETARGET;VK Retargeting;VK Ads;18678;196;3662
877;2024-07-30;TG_LOCAL;Telegram Chelyabinsk;Telegram;6798;120;2018
878;2024-07-30;VK_SUMMER;VK Summer Gadgets;VK Ads;72822;568;8161
879;2024-07-31;YA_BRAND;Yandex Brand;Yandex Ads;3383;181;4375
880;2024-07-31;YA_GENERIC;Yandex Generic;Yandex Ads;5836;240;7482
881;2024-07-31;VK_RETARGET;VK Retargeting;VK Ads;19481;199;3617
882;2024-07-31;TG_LOCAL;Telegram Chelyabinsk;Telegram;6661;119;2089
883;2024-07-31;VK_SUMMER;VK Summer Gadgets;VK Ads;83535;645;9365
884;2024-08-01;YA_BRAND;Yandex Brand;Yandex Ads;3185;184;4351
885;2024-08-01;YA_GENERIC;Yandex Generic;Yandex Ads;7113;302;9144
886;2024-08-01;VK_RETARGET;VK Retargeting;VK Ads;18704;195;3606
887;2024-08-01;TG_LOCAL;Telegram Chelyabinsk;Telegram;7470;134;2376
888;2024-08-01;VK_SUMMER;VK Summer Gadgets;VK Ads;77381;601;9366
889;2024-08-02;YA_BRAND;Yandex Brand;Yandex Ads;3347;190;4759
890;2024-08-02;YA_GENERIC;Yandex Generic;Yandex Ads;6247;256;8061
891;2024-08-02;VK_RETARGET;VK Retargeting;VK Ads;19634;197;3813
892;2024-08-02;TG_LOCAL;Telegram Chelyabinsk;Telegram;7247;130;2092
893;2024-08-02;VK_SUMMER;VK Summer Gadgets;VK Ads;79553;611;8918
894;2024-08-03;YA_BRAND;Yandex Brand;Yandex Ads;3333;183;4511
895;2024-08-03;YA_GENERIC;Yandex Generic;Yandex Ads;6220;270;8497
896;2024-08-03;VK_RETARGET;VK Retargeting;VK Ads;19390;193;3545
897;2024-08-03;TG_LOCAL;Telegram Chelyabinsk;Telegram;6538;114;1939
898;2024-08-03;VK_SUMMER;VK Summer Gadgets;VK Ads;77242;617;9201
899;2024-08-04;YA_BRAND;Yandex Brand;Yandex Ads;3177;169;4089
900;2024-08-04;YA_GENERIC;Yandex Generic;Yandex Ads;6372;270;8417
901;2024-08-04;VK_RETARGET;VK Retargeting;VK Ads;17120;176;3456
902;2024-08-04;TG_LOCAL;Telegram Chelyabinsk;Telegram;5403;100;1710
903;2024-08-04;VK_SUMMER;VK Summer Gadgets;VK Ads;70318;562;8608
904;2024-08-05;YA_BRAND;Yandex Brand;Yandex Ads;4003;219;4989
905;2024-08-05;YA_GENERIC;Yandex Generic;Yandex Ads;7172;314;9216
906;2024-08-05;VK_RETARGET;VK Retargeting;VK Ads;19236;197;3710
907;2024-08-05;TG_LOCAL;Telegram Chelyabinsk;Telegram;7109;134;2248
908;2024-08-05;VK_SUMMER;VK Summer Gadgets;VK Ads;78319;652;9179
909;2024-08-06;YA_BRAND;Yandex Brand;Yandex Ads;4026;211;4751
910;2024-08-06;YA_GENERIC;Yandex Generic;Yandex Ads;6582;272;8378
911;2024-08-06;VK_RETARGET;VK Retargeting;VK Ads;21328;220;4037
912;2024-08-06;TG_LOCAL;Telegram Chelyabinsk;Telegram;7702;134;2289
913;2024-08-06;VK_SUMMER;VK Summer Gadgets;VK Ads;76369;601;8502
914;2024-08-07;YA_BRAND;Yandex Brand;Yandex Ads;4224;226;5169
915;2024-08-07;YA_GENERIC;Yandex Generic;Yandex Ads;7110;291;8998
916;2024-08-07;VK_RETARGET;VK Retargeting;VK Ads;22660;219;4118
917;2024-08-07;TG_LOCAL;Telegram Chelyabinsk;Telegram;7993;142;2269
918;2024-08-07;VK_SUMMER;VK Summer Gadgets;VK Ads;77536;624;9691
919;2024-08-08;YA_BRAND;Yandex Brand;Yandex Ads;3595;200;5077
920;2024-08-08;YA_GENERIC;Yandex Generic;Yandex Ads;7122;286;8953
921;2024-08-08;VK_RETARGET;VK Retargeting;VK Ads;22432;232;4125
922;2024-08-08;TG_LOCAL;Telegram Chelyabinsk;Telegram;7643;138;2452
923;2024-08-08;VK_SUMMER;VK Summer Gadgets;VK Ads;73964;620;9101
924;2024-08-09;YA_BRAND;Yandex Brand;Yandex Ads;4081;218;5316
925;2024-08-09;YA_GENERIC;Yandex Generic;Yandex Ads;6236;271;8900
926;2024-08-09;VK_RETARGET;VK Retargeting;VK Ads;23500;232;4235
927;2024-08-09;TG_LOCAL;Telegram Chelyabinsk;Telegram;7348;132;2392
928;2024-08-09;VK_SUMMER;VK Summer Gadgets;VK Ads;91218;732;10492
929;2024-08-10;YA_BRAND;Yandex Brand;Yandex Ads;3730;203;4586
930;2024-08-10;YA_GENERIC;Yandex Generic;Yandex Ads;6348;256;7627
931;2024-08-10;VK_RETARGET;VK Retargeting;VK Ads;17811;172;3442
932;2024-08-10;TG_LOCAL;Telegram Chelyabinsk;Telegram;6407;117;1890
933;2024-08-10;VK_SUMMER;VK Summer Gadgets;VK Ads;62223;505;7802
934;2024-08-11;YA_BRAND;Yandex Brand;Yandex Ads;2965;160;3932
935;2024-08-11;YA_GENERIC;Yandex Generic;Yandex Ads;5812;237;7580
936;2024-08-11;VK_RETARGET;VK Retargeting;VK Ads;15646;156;3029
937;2024-08-11;TG_LOCAL;Telegram Chelyabinsk;Telegram;7219;124;2022
938;2024-08-11;VK_SUMMER;VK Summer Gadgets;VK Ads;74310;593;8843
939;2024-08-12;YA_BRAND;Yandex Brand;Yandex Ads;3348;179;4524
940;2024-08-12;YA_GENERIC;Yandex Generic;Yandex Ads;6902;296;8875
941;2024-08-12;VK_RETARGET;VK Retargeting;VK Ads;19383;194;3824
942;2024-08-12;TG_LOCAL;Telegram Chelyabinsk;Telegram;8002;143;2324
943;2024-08-12;VK_SUMMER;VK Summer Gadgets;VK Ads;66794;558;8895
944;2024-08-13;YA_BRAND;Yandex Brand;Yandex Ads;3711;210;5137
945;2024-08-13;YA_GENERIC;Yandex Generic;Yandex Ads;6726;296;9404
946;2024-08-13;VK_RETARGET;VK Retargeting;VK Ads;22458;221;4103
947;2024-08-13;TG_LOCAL;Telegram Chelyabinsk;Telegram;6108;115;2045
948;2024-08-13;VK_SUMMER;VK Summer Gadgets;VK Ads;76084;621;9729
949;2024-08-14;YA_BRAND;Yandex Brand;Yandex Ads;3805;219;5294
950;2024-08-14;YA_GENERIC;Yandex Generic;Yandex Ads;6302;273;8811
951;2024-08-14;VK_RETARGET;VK Retargeting;VK Ads;21129;221;4091
952;2024-08-14;TG_LOCAL;Telegram Chelyabinsk;Telegram;8696;154;2456
953;2024-08-14;VK_SUMMER;VK Summer Gadgets;VK Ads;71379;549;8508
954;2024-08-15;YA_BRAND;Yandex Brand;Yandex Ads;3508;190;4816
955;2024-08-15;YA_GENERIC;Yandex Generic;Yandex Ads;6890;286;8830
956;2024-08-15;VK_RETARGET;VK Retargeting;VK Ads;23387;231;4180
957;2024-08-15;TG_LOCAL;Telegram Chelyabinsk;Telegram;6342;118;2155
958;2024-08-15;VK_SUMMER;VK Summer Gadgets;VK Ads;82206;659;9732
959;2024-08-16;YA_BRAND;Yandex Brand;Yandex Ads;3240;184;4312
960;2024-08-16;YA_GENERIC;Yandex Generic;Yandex Ads;6685;278;8348
961;2024-08-16;VK_RETARGET;VK Retargeting;VK Ads;18207;180;3463
962;2024-08-16;TG_LOCAL;Telegram Chelyabinsk;Telegram;7366;138;2341
963;2024-08-16;VK_SUMMER;VK Summer Gadgets;VK Ads;70282;584;8763
964;2024-08-17;YA_BRAND;Yandex Brand;Yandex Ads;3465;185;4443
965;2024-08-17;YA_GENERIC;Yandex Generic;Yandex Ads;6147;260;7582
966;2024-08-17;VK_RETARGET;VK Retargeting;VK Ads;15953;167;3007
967;2024-08-17;TG_LOCAL;Telegram Chelyabinsk;Telegram;6612;122;2012
968;2024-08-17;VK_SUMMER;VK Summer Gadgets;VK Ads;69238;540;7757
969;2024-08-18;YA_BRAND;Yandex Brand;Yandex Ads;3645;198;4499
970;2024-08-18;YA_GENERIC;Yandex Generic;Yandex Ads;5242;217;7132
971;2024-08-18;VK_RETARGET;VK Retargeting;VK Ads;16369;171;3367
972;2024-08-18;TG_LOCAL;Telegram Chelyabinsk;Telegram;6732;127;2023
973;2024-08-18;VK_SUMMER;VK Summer Gadgets;VK Ads;61282;490;7731
974;2024-08-19;YA_BRAND;Yandex Brand;Yandex Ads;3117;173;4360
975;2024-08-19;YA_GENERIC;Yandex Generic;Yandex Ads;7371;299;9187
976;2024-08-19;VK_RETARGET;VK Retargeting;VK Ads;21729;208;3977
977;2024-08-19;TG_LOCAL;Telegram Chelyabinsk;Telegram;6587;121;2067
978;2024-08-19;VK_SUMMER;VK Summer Gadgets;VK Ads;80255;665;10278
979;2024-08-20;YA_BRAND;Yandex Brand;Yandex Ads;3928;207;4754
980;2024-08-20;YA_GENERIC;Yandex Generic;Yandex Ads;8027;324;9690
981;2024-08-20;VK_RETARGET;VK Retargeting;VK Ads;16593;174;3364
982;2024-08-20;TG_LOCAL;Telegram Chelyabinsk;Telegram;7084;123;2025
983;2024-08-20;VK_SUMMER;VK Summer Gadgets;VK Ads;79704;632;9829
984;2024-08-21;YA_BRAND;Yandex Brand;Yandex Ads;3417;196;4741
985;2024-08-21;YA_GENERIC;Yandex Generic;Yandex Ads;6721;275;8439
986;2024-08-21;VK_RETARGET;VK Retargeting;VK Ads;17545;177;3538
987;2024-08-21;TG_LOCAL;Telegram Chelyabinsk;Telegram;6663;126;1998
988;2024-08-21;VK_SUMMER;VK Summer Gadgets;VK Ads;77196;604;8639
989;2024-08-22;YA_BRAND;Yandex Brand;Yandex Ads;3448;194;4676
990;2024-08-22;YA_GENERIC;Yandex Generic;Yandex Ads;5805;241;7929
991;2024-08-22;VK_RETARGET;VK Retargeting;VK Ads;17350;182;3432
992;2024-08-22;TG_LOCAL;Telegram Chelyabinsk;Telegram;6950;125;2095
993;2024-08-22;VK_SUMMER;VK Summer Gadgets;VK Ads;82879;640;9330
994;2024-08-23;YA_BRAND;Yandex Brand;Yandex Ads;3767;205;5240
995;2024-08-23;YA_GENERIC;Yandex Generic;Yandex Ads;7816;315;9210
996;2024-08-23;VK_RETARGET;VK Retargeting;VK Ads;21633;212;4164
997;2024-08-23;TG_LOCAL;Telegram Chelyabinsk;Telegram;7649;135;2170
998;2024-08-23;VK_SUMMER;VK Summer Gadgets;VK Ads;73829;617;9379
999;2024-08-24;YA_BRAND;Yandex Brand;Yandex Ads;2808;157;3925
1000;2024-08-24;YA_GENERIC;Yandex Generic;Yandex Ads;5337;214;6945
1001;2024-08-24;VK_RETARGET;VK Retargeting;VK Ads;16392;160;3092
1002;2024-08-24;TG_LOCAL;Telegram Chelyabinsk;Telegram;6422;114;1946
1003;2024-08-24;VK_SUMMER;VK Summer Gadgets;VK Ads;65653;516;8305
1004;2024-08-25;YA_BRAND;Yandex Brand;Yandex Ads;2952;167;4135
1005;2024-08-25;YA_GENERIC;Yandex Generic;Yandex Ads;5258;232;7325
1006;2024-08-25;VK_RETARGET;VK Retargeting;VK Ads;16380;168;3004
1007;2024-08-25;TG_LOCAL;Telegram Chelyabinsk;Telegram;7370;132;2136
1008;2024-08-25;VK_SUMMER;VK Summer Gadgets;VK Ads;74539;593;8836
1009;2024-08-26;YA_BRAND;Yandex Brand;Yandex Ads;3181;169;4227
1010;2024-08-26;YA_GENERIC;Yandex Generic;Yandex Ads;6682;284;9018
1011;2024-08-26;VK_RETARGET;VK Retargeting;VK Ads;20931;204;3716
1012;2024-08-26;TG_LOCAL;Telegram Chelyabinsk;Telegram;6351;118;1977
1013;2024-08-26;VK_SUMMER;VK Summer Gadgets;VK Ads;83207;697;10499
1014;2024-08-27;YA_BRAND;Yandex Brand;Yandex Ads;3507;189;4348
1015;2024-08-27;YA_GENERIC;Yandex Generic;Yandex Ads;5732;244;8050
1016;2024-08-27;VK_RETARGET;VK Retargeting;VK Ads;19587;206;4017
1017;2024-08-27;TG_LOCAL;Telegram Chelyabinsk;Telegram;6159;114;1976
1018;2024-08-27;VK_SUMMER;VK Summer Gadgets;VK Ads;82910;638;9965
1019;2024-08-28;YA_BRAND;Yandex Brand;Yandex Ads;3059;176;4349
1020;2024-08-28;YA_GENERIC;Yandex Generic;Yandex Ads;6713;292;8479
1021;2024-08-28;VK_RETARGET;VK Retargeting;VK Ads;20980;216;4135
1022;2024-08-28;TG_LOCAL;Telegram Chelyabinsk;Telegram;8067;144;2387
1023;2024-08-28;VK_SUMMER;VK Summer Gadgets;VK Ads;87321;670;10502
1024;2024-08-29;YA_BRAND;Yandex Brand;Yandex Ads;3521;194;4409
1025;2024-08-29;YA_GENERIC;Yandex Generic;Yandex Ads;7050;291;8961
1026;2024-08-29;VK_RETARGET;VK Retargeting;VK Ads;21802;211;4046
1027;2024-08-29;TG_LOCAL;Telegram Chelyabinsk;Telegram;7284;134;2251
1028;2024-08-29;VK_SUMMER;VK Summer Gadgets;VK Ads;77394;635;9866
1029;2024-08-30;YA_BRAND;Yandex Brand;Yandex Ads;3911;205;5144
1030;2024-08-30;YA_GENERIC;Yandex Generic;Yandex Ads;6489;268;8904
1031;2024-08-30;VK_RETARGET;VK Retargeting;VK Ads;19627;200;3767
1032;2024-08-30;TG_LOCAL;Telegram Chelyabinsk;Telegram;6516;122;2126
1033;2024-08-30;VK_SUMMER;VK Summer Gadgets;VK Ads;84450;672;9855
1034;2024-08-31;YA_BRAND;Yandex Brand;Yandex Ads;2853;162;3718
1035;2024-08-31;YA_GENERIC;Yandex Generic;Yandex Ads;5206;229;7554
1036;2024-08-31;VK_RETARGET;VK Retargeting;VK Ads;19775;192;3448
1037;2024-08-31;TG_LOCAL;Telegram Chelyabinsk;Telegram;6649;115;1952
1038;2024-08-31;VK_SUMMER;VK Summer Gadgets;VK Ads;73795;577;8500
